rank_total,rank_foreign,municipality_code,prefecture,municipality,entity_type,population_total,population_foreign,as_of,source_total_row,source_foreign_row
1,2,141003,神奈川県,横浜市,city,3753315,137800,2026-01-01,838,838
2,1,271004,大阪府,大阪市,city,2798782,214337,2026-01-01,1428,1428
3,3,231002,愛知県,名古屋市,city,2310721,110593,2026-01-01,1246,1246
4,32,011002,北海道,札幌市,city,1954588,23881,2026-01-01,9,9
5,7,401307,福岡県,福岡市,city,1620853,58094,2026-01-01,1937,1937
6,6,141305,神奈川県,川崎市,city,1542534,61597,2026-01-01,857,857
7,5,281000,兵庫県,神戸市,city,1487090,64172,2026-01-01,1508,1508
8,4,261009,京都府,京都市,city,1369750,67811,2026-01-01,1384,1384
9,16,111007,埼玉県,さいたま市,city,1355984,38244,2026-01-01,624,624
10,30,341002,広島県,広島市,city,1167911,24673,2026-01-01,1743,1743
11,38,041009,宮城県,仙台市,city,1063198,19275,2026-01-01,298,298
12,12,121002,千葉県,千葉市,city,986605,43461,2026-01-01,706,706
13,21,131121,東京都,世田谷区,special_ward,928666,30772,2026-01-01,784,784
14,40,401005,福岡県,北九州市,city,905635,18574,2026-01-01,1929,1929
15,36,271403,大阪府,堺市,city,809032,21773,2026-01-01,1453,1453
16,20,221309,静岡県,浜松市,city,778346,31181,2026-01-01,1203,1203
17,99,151009,新潟県,新潟市,city,755462,8017,2026-01-01,906,906
18,22,131202,東京都,練馬区,special_ward,750559,29662,2026-01-01,792,792
19,18,131113,東京都,大田区,special_ward,745048,34516,2026-01-01,783,783
20,67,431001,熊本県,熊本市,city,728700,11389,2026-01-01,2068,2068
21,35,141500,神奈川県,相模原市,city,714436,22138,2026-01-01,865,865
22,11,131211,東京都,足立区,special_ward,703369,48290,2026-01-01,793,793
23,9,131237,東京都,江戸川区,special_ward,697414,52771,2026-01-01,795,795
24,43,331007,岡山県,岡山市,city,692769,17659,2026-01-01,1701,1701
25,47,221007,静岡県,静岡市,city,667503,15816,2026-01-01,1199,1199
26,25,122041,千葉県,船橋市,city,652241,26379,2026-01-01,715,715
27,8,112038,埼玉県,川口市,city,608515,53790,2026-01-01,637,637
28,142,462012,鹿児島県,鹿児島市,city,587255,5592,2026-01-01,2183,2183
29,14,131199,東京都,板橋区,special_ward,583528,41160,2026-01-01,791,791
30,27,131156,東京都,杉並区,special_ward,582636,25275,2026-01-01,787,787
31,39,132012,東京都,八王子市,city,558755,18712,2026-01-01,796,796
32,13,131083,東京都,江東区,special_ward,543193,41387,2026-01-01,780,780
33,51,282014,兵庫県,姫路市,city,520222,15043,2026-01-01,1518,1518
34,55,092011,栃木県,宇都宮市,city,513378,13553,2026-01-01,550,550
35,24,122076,千葉県,松戸市,city,501850,26784,2026-01-01,718,718
36,29,122033,千葉県,市川市,city,498550,24687,2026-01-01,714,714
37,150,382019,愛媛県,松山市,city,492661,5356,2026-01-01,1860,1860
38,81,282049,兵庫県,西宮市,city,479587,9605,2026-01-01,1521,1521
39,28,272272,大阪府,東大阪市,city,478689,24998,2026-01-01,1486,1486
40,19,131229,東京都,葛飾区,special_ward,472558,32541,2026-01-01,794,794
41,86,332020,岡山県,倉敷市,city,471025,9159,2026-01-01,1706,1706
42,143,442011,大分県,大分市,city,470718,5577,2026-01-01,2128,2128
43,48,282022,兵庫県,尼崎市,city,458008,15710,2026-01-01,1519,1519
44,58,342076,広島県,福山市,city,451867,12931,2026-01-01,1756,1756
45,84,142051,神奈川県,藤沢市,city,444628,9262,2026-01-01,872,872
46,88,172014,石川県,金沢市,city,441947,9094,2026-01-01,972,972
47,50,122173,千葉県,柏市,city,439514,15124,2026-01-01,726,726
48,68,132098,東京都,町田市,city,430428,10946,2026-01-01,804,804
49,102,372013,香川県,高松市,city,415718,7518,2026-01-01,1837,1837
50,41,131091,東京都,品川区,special_ward,415644,17988,2026-01-01,781,781
51,33,232114,愛知県,豊田市,city,414241,23576,2026-01-01,1273,1273
52,93,272035,大阪府,豊中市,city,405958,8742,2026-01-01,1462,1462
53,72,162019,富山県,富山市,city,401436,10259,2026-01-01,954,954
54,57,212016,岐阜県,岐阜市,city,397364,13133,2026-01-01,1147,1147
55,206,452017,宮崎県,宮崎市,city,391412,4081,2026-01-01,2150,2150
56,106,272108,大阪府,枚方市,city,390926,7107,2026-01-01,1469,1469
57,95,272051,大阪府,吹田市,city,386317,8285,2026-01-01,1464,1464
58,148,422011,長崎県,長崎市,city,385553,5487,2026-01-01,2042,2042
59,49,232025,愛知県,岡崎市,city,381179,15234,2026-01-01,1264,1264
60,77,232033,愛知県,一宮市,city,374964,9940,2026-01-01,1265,1265
61,98,142018,神奈川県,横須賀市,city,374851,8108,2026-01-01,869,869
62,17,131172,東京都,北区,special_ward,367432,35296,2026-01-01,789,789
63,97,102024,群馬県,高崎市,city,364131,8176,2026-01-01,582,582
64,34,232017,愛知県,豊橋市,city,363320,22285,2026-01-01,1263,1263
65,160,202011,長野県,長野市,city,359886,5000,2026-01-01,1055,1055
66,10,131041,東京都,新宿区,special_ward,355125,51357,2026-01-01,776,776
67,61,112011,埼玉県,川越市,city,352607,12399,2026-01-01,635,635
68,159,302015,和歌山県,和歌山市,city,349646,5008,2026-01-01,1614,1614
69,137,292010,奈良県,奈良市,city,344742,5764,2026-01-01,1567,1567
70,152,272078,大阪府,高槻市,city,343943,5262,2026-01-01,1466,1466
71,23,131148,東京都,中野区,special_ward,343794,27145,2026-01-01,786,786
72,127,252018,滋賀県,大津市,city,343316,6195,2026-01-01,1361,1361
73,91,112089,埼玉県,所沢市,city,342490,8921,2026-01-01,640,640
74,74,112224,埼玉県,越谷市,city,341437,10131,2026-01-01,652,652
75,64,102016,群馬県,前橋市,city,327659,11686,2026-01-01,581,581
76,85,472018,沖縄県,那覇市,city,312352,9187,2026-01-01,2235,2235
77,324,012041,北海道,旭川市,city,312209,2208,2026-01-01,22,22
78,217,072036,福島県,郡山市,city,309563,3959,2026-01-01,427,427
79,290,392014,高知県,高知市,city,308542,2573,2026-01-01,1888,1888
80,189,282031,兵庫県,明石市,city,307487,4345,2026-01-01,1520,1520
81,53,242021,三重県,四日市市,city,305085,13889,2026-01-01,1325,1325
82,73,232068,愛知県,春日井市,city,305003,10174,2026-01-01,1268,1268
83,108,402036,福岡県,久留米市,city,299047,6948,2026-01-01,1946,1946
84,208,072044,福島県,いわき市,city,298865,4064,2026-01-01,428,428
85,15,131164,東京都,豊島区,special_ward,296129,38584,2026-01-01,788,788
86,343,052019,秋田県,秋田市,city,289888,2063,2026-01-01,349,349
87,42,131075,東京都,墨田区,special_ward,288833,17806,2026-01-01,779,779
88,141,272116,大阪府,茨木市,city,286089,5593,2026-01-01,1470,1470
89,62,131105,東京都,目黒区,special_ward,282607,12260,2026-01-01,782,782
90,309,032018,岩手県,盛岡市,city,274941,2341,2026-01-01,254,254
91,31,131032,東京都,港区,special_ward,269877,23901,2026-01-01,775,775
92,163,082015,茨城県,水戸市,city,266703,4964,2026-01-01,498,498
93,65,242012,三重県,津市,city,266012,11592,2026-01-01,1324,1324
94,94,122190,千葉県,市原市,city,265371,8399,2026-01-01,728,728
95,110,132063,東京都,府中市,city,262162,6922,2026-01-01,801,801
96,52,082201,茨城県,つくば市,city,262066,14651,2026-01-01,513,513
97,293,072010,福島県,福島市,city,261534,2524,2026-01-01,425,425
98,411,022012,青森県,青森市,city,259352,1557,2026-01-01,205,205
99,78,272124,大阪府,八尾市,city,257840,9880,2026-01-01,1471,1471
100,114,142034,神奈川県,平塚市,city,255967,6795,2026-01-01,870,870
101,194,282103,兵庫県,加古川市,city,255592,4300,2026-01-01,1527,1527
102,59,112216,埼玉県,草加市,city,252586,12929,2026-01-01,651,651
103,260,152021,新潟県,長岡市,city,252265,3135,2026-01-01,915,915
104,133,182010,福井県,福井市,city,252037,6044,2026-01-01,997,997
105,274,142077,神奈川県,茅ヶ崎市,city,247214,2843,2026-01-01,874,874
106,82,142131,神奈川県,大和市,city,246500,9337,2026-01-01,879,879
107,96,222101,静岡県,富士市,city,244718,8258,2026-01-01,1213,1213
108,247,362018,徳島県,徳島市,city,242618,3337,2026-01-01,1804,1804
109,126,132080,東京都,調布市,city,241074,6217,2026-01-01,803,803
110,146,352012,山口県,下関市,city,239655,5559,2026-01-01,1780,1780
111,45,131059,東京都,文京区,special_ward,236981,17094,2026-01-01,777,777
112,332,062014,山形県,山形市,city,233891,2164,2026-01-01,381,381
113,327,012025,北海道,函館市,city,232760,2186,2026-01-01,20,20
114,162,202029,長野県,松本市,city,232370,4968,2026-01-01,1056,1056
115,56,131130,東京都,渋谷区,special_ward,230880,13280,2026-01-01,785,785
116,120,112194,埼玉県,上尾市,city,230639,6371,2026-01-01,650,650
117,266,422029,長崎県,佐世保市,city,229941,2940,2026-01-01,2043,2043
118,103,112143,埼玉県,春日部市,city,228610,7368,2026-01-01,645,645
119,238,282146,兵庫県,宝塚市,city,226617,3497,2026-01-01,1530,1530
120,246,412015,佐賀県,佐賀市,city,225361,3379,2026-01-01,2015,2015
121,26,131181,東京都,荒川区,special_ward,224784,25576,2026-01-01,790,790
122,200,272159,大阪府,寝屋川市,city,223224,4222,2026-01-01,1474,1474
123,70,142123,神奈川県,厚木市,city,222404,10920,2026-01-01,878,878
124,46,102059,群馬県,太田市,city,222402,16695,2026-01-01,585,585
125,37,131067,東京都,台東区,special_ward,217512,21346,2026-01-01,778,778
126,179,122203,千葉県,流山市,city,214972,4564,2026-01-01,729,729
127,357,022039,青森県,八戸市,city,212279,1967,2026-01-01,207,207
128,44,102041,群馬県,伊勢崎市,city,211537,17320,2026-01-01,584,584
129,83,122211,千葉県,八千代市,city,208344,9329,2026-01-01,730,730
130,104,132292,東京都,西東京市,city,207227,7257,2026-01-01,821,821
131,214,282073,兵庫県,伊丹市,city,200931,3988,2026-01-01,1524,1524
132,112,132110,東京都,小平市,city,197404,6877,2026-01-01,806,806
133,204,342025,広島県,呉市,city,197092,4130,2026-01-01,1752,1752
134,71,242071,三重県,鈴鹿市,city,192840,10640,2026-01-01,1329,1329
135,307,322016,島根県,松江市,city,192512,2353,2026-01-01,1676,1676
136,75,342122,広島県,東広島市,city,191300,10085,2026-01-01,1761,1761
137,153,132047,東京都,三鷹市,city,191083,5219,2026-01-01,799,799
138,54,131024,東京都,中央区,special_ward,191015,13594,2026-01-01,774,774
139,132,112020,埼玉県,熊谷市,city,189859,6068,2026-01-01,636,636
140,180,132128,東京都,日野市,city,189194,4517,2026-01-01,807,807
141,92,232122,愛知県,安城市,city,187448,8880,2026-01-01,1274,1274
142,118,132021,東京都,立川市,city,187440,6591,2026-01-01,797,797
143,167,272027,大阪府,岸和田市,city,185713,4939,2026-01-01,1461,1461
144,87,232076,愛知県,豊川市,city,185469,9099,2026-01-01,1269,1269
145,211,142069,神奈川県,小田原市,city,185424,4035,2026-01-01,873,873
146,286,352039,山口県,山口市,city,184285,2615,2026-01-01,1782,1782
147,130,222038,静岡県,沼津市,city,183750,6115,2026-01-01,1207,1207
148,101,192015,山梨県,甲府市,city,182605,7850,2026-01-01,1022,1022
149,213,272191,大阪府,和泉市,city,181322,3993,2026-01-01,1478,1478
150,207,262048,京都府,宇治市,city,178294,4073,2026-01-01,1399,1399
151,289,152226,新潟県,上越市,city,177922,2577,2026-01-01,928,928
152,354,312011,鳥取県,鳥取市,city,177035,1985,2026-01-01,1651,1651
153,113,122165,千葉県,習志野市,city,174983,6804,2026-01-01,725,725
154,333,142042,神奈川県,鎌倉市,city,173602,2163,2026-01-01,871,871
155,138,122271,千葉県,浦安市,city,171902,5692,2026-01-01,736,736
156,151,322032,島根県,出雲市,city,171488,5297,2026-01-01,1678,1678
157,60,232131,愛知県,西尾市,city,169028,12914,2026-01-01,1275,1275
158,128,122122,千葉県,佐倉市,city,168489,6184,2026-01-01,722,722
159,90,092088,栃木県,小山市,city,166856,8974,2026-01-01,556,556
160,144,112305,埼玉県,新座市,city,166243,5566,2026-01-01,659,659
161,370,012131,北海道,苫小牧市,city,164111,1833,2026-01-01,31,31
162,76,222119,静岡県,磐田市,city,164056,10083,2026-01-01,1214,1214
163,267,452025,宮崎県,都城市,city,162119,2926,2026-01-01,2151,2151
164,174,162027,富山県,高岡市,city,161098,4609,2026-01-01,955,955
165,366,082023,茨城県,日立市,city,161010,1843,2026-01-01,499,499
166,382,012076,北海道,帯広市,city,159294,1720,2026-01-01,25,25
167,157,142115,神奈川県,秦野市,city,157784,5089,2026-01-01,877,877
168,528,022021,青森県,弘前市,city,157375,1038,2026-01-01,206,206
169,111,212024,岐阜県,大垣市,city,156158,6897,2026-01-01,1148,1148
170,135,242047,三重県,松阪市,city,154518,5840,2026-01-01,1327,1327
171,285,352021,山口県,宇部市,city,154279,2627,2026-01-01,1781,1781
172,269,082210,茨城県,ひたちなか市,city,153446,2908,2026-01-01,514,514
173,122,122084,千葉県,野田市,city,153147,6306,2026-01-01,719,719
174,124,232106,愛知県,刈谷市,city,152774,6234,2026-01-01,1272,1272
175,340,282171,兵庫県,川西市,city,152198,2080,2026-01-01,1533,1533
176,171,132136,東京都,東村山市,city,152136,4663,2026-01-01,808,808
177,129,092037,栃木県,栃木市,city,151741,6171,2026-01-01,552,552
178,413,012068,北海道,釧路市,city,151566,1553,2026-01-01,24,24
179,164,112321,埼玉県,久喜市,city,150807,4962,2026-01-01,661,661
180,155,202037,長野県,上田市,city,150627,5101,2026-01-01,1057,1057
181,63,232190,愛知県,小牧市,city,148281,11829,2026-01-01,1280,1280
182,212,132241,東京都,多摩市,city,148248,4034,2026-01-01,817,817
183,193,132039,東京都,武蔵野市,city,147958,4327,2026-01-01,798,798
184,210,112151,埼玉県,狭山市,city,147477,4055,2026-01-01,646,646
185,149,112275,埼玉県,朝霞市,city,146414,5474,2026-01-01,656,656
186,176,382027,愛媛県,今治市,city,145611,4604,2026-01-01,1861,1861
187,178,212130,岐阜県,各務原市,city,143570,4566,2026-01-01,1159,1159
188,368,312029,鳥取県,米子市,city,143115,1841,2026-01-01,1652,1652
189,79,112241,埼玉県,戸田市,city,142833,9681,2026-01-01,654,654
190,231,112259,埼玉県,入間市,city,142304,3648,2026-01-01,655,655
191,100,112372,埼玉県,三郷市,city,141971,7912,2026-01-01,665,665
192,294,472115,沖縄県,沖縄市,city,141812,2477,2026-01-01,2241,2241
193,215,252069,滋賀県,草津市,city,141304,3987,2026-01-01,1365,1365
194,209,142158,神奈川県,海老名市,city,140973,4064,2026-01-01,881,881
195,109,082031,茨城県,土浦市,city,140971,6924,2026-01-01,500,500
196,237,272094,大阪府,守口市,city,140707,3561,2026-01-01,1468,1468
197,232,272205,大阪府,箕面市,city,140585,3647,2026-01-01,1479,1479
198,182,112186,埼玉県,深谷市,city,140211,4495,2026-01-01,649,649
199,117,082040,茨城県,古河市,city,139258,6654,2026-01-01,501,501
200,302,222143,静岡県,藤枝市,city,138740,2388,2026-01-01,1217,1217
201,107,092029,栃木県,足利市,city,138045,6981,2026-01-01,551,551
202,115,242055,三重県,桑名市,city,137008,6764,2026-01-01,1328,1328
203,223,122068,千葉県,木更津市,city,136753,3907,2026-01-01,717,717
204,125,222127,静岡県,焼津市,city,134112,6224,2026-01-01,1215,1215
205,66,122114,千葉県,成田市,city,133302,11500,2026-01-01,721,721
206,330,352152,山口県,周南市,city,133088,2181,2026-01-01,1791,1791
207,408,422045,長崎県,諫早市,city,132760,1569,2026-01-01,2045,2045
208,185,232203,愛知県,稲沢市,city,132336,4421,2026-01-01,1281,1281
209,168,122220,千葉県,我孫子市,city,132112,4860,2026-01-01,731,731
210,181,142166,神奈川県,座間市,city,131292,4505,2026-01-01,882,882
211,374,042021,宮城県,石巻市,city,130134,1806,2026-01-01,304,304
212,234,132144,東京都,国分寺市,city,130076,3603,2026-01-01,809,809
213,240,132055,東京都,青梅市,city,128569,3460,2026-01-01,800,800
214,331,472131,沖縄県,うるま市,city,127393,2180,2026-01-01,2243,2243
215,203,132101,東京都,小金井市,city,125970,4135,2026-01-01,805,805
216,235,222071,静岡県,富士宮市,city,125771,3602,2026-01-01,1210,1210
217,140,232041,愛知県,瀬戸市,city,125175,5630,2026-01-01,1266,1266
218,187,342050,広島県,尾道市,city,124410,4399,2026-01-01,1755,1755
219,338,402052,福岡県,飯塚市,city,123413,2116,2026-01-01,1948,1948
220,291,352080,山口県,岩国市,city,122533,2559,2026-01-01,1786,1786
221,433,462187,鹿児島県,霧島市,city,122408,1438,2026-01-01,2194,2194
222,498,042153,宮城県,大崎市,city,120285,1163,2026-01-01,315,315
223,186,432024,熊本県,八代市,city,118746,4408,2026-01-01,2074,2074
224,375,292052,奈良県,橿原市,city,117968,1800,2026-01-01,1571,1571
225,479,012173,北海道,江別市,city,117761,1244,2026-01-01,35,35
226,254,112178,埼玉県,鴻巣市,city,117556,3200,2026-01-01,648,648
227,399,242039,三重県,伊勢市,city,117368,1630,2026-01-01,1326,1326
228,250,132225,東京都,東久留米市,city,116570,3265,2026-01-01,815,815
229,384,292095,奈良県,生駒市,city,116171,1719,2026-01-01,1575,1575
230,219,132071,東京都,昭島市,city,116049,3934,2026-01-01,802,802
231,256,272175,大阪府,松原市,city,115944,3168,2026-01-01,1476,1476
232,355,472085,沖縄県,浦添市,city,115545,1979,2026-01-01,2238,2238
233,158,232050,愛知県,半田市,city,115281,5076,2026-01-01,1267,1267
234,175,272230,大阪府,門真市,city,115029,4606,2026-01-01,1482,1482
235,258,092134,栃木県,那須塩原市,city,114896,3155,2026-01-01,560,560
236,225,272183,大阪府,大東市,city,114866,3826,2026-01-01,1477,1477
237,349,342131,広島県,廿日市市,city,114773,2007,2026-01-01,1762,1762
238,524,062031,山形県,鶴岡市,city,114745,1047,2026-01-01,383,383
239,205,112453,埼玉県,ふじみ野市,city,114461,4092,2026-01-01,672,672
240,139,222135,静岡県,掛川市,city,114223,5661,2026-01-01,1216,1216
241,218,112356,埼玉県,富士見市,city,113728,3937,2026-01-01,664,664
242,257,232220,愛知県,東海市,city,113281,3159,2026-01-01,1283,1283
243,471,412023,佐賀県,唐津市,city,112472,1276,2026-01-01,2016,2016
244,228,122319,千葉県,印西市,city,112248,3738,2026-01-01,740,740
245,326,172103,石川県,白山市,city,112125,2203,2026-01-01,980,980
246,222,092045,栃木県,佐野市,city,111994,3913,2026-01-01,553,553
247,192,112101,埼玉県,加須市,city,111846,4333,2026-01-01,642,642
248,635,452033,宮崎県,延岡市,city,111831,771,2026-01-01,2152,2152
249,377,402184,福岡県,春日市,city,111754,1762,2026-01-01,1959,1959
250,358,352063,山口県,防府市,city,111750,1967,2026-01-01,1784,1784
251,134,442020,大分県,別府市,city,111376,5917,2026-01-01,2129,2129
252,352,382051,愛媛県,新居浜市,city,111317,1990,2026-01-01,1864,1864
253,201,252034,滋賀県,長浜市,city,111156,4167,2026-01-01,1363,1363
254,154,252131,滋賀県,東近江市,city,110677,5215,2026-01-01,1372,1372
255,196,252026,滋賀県,彦根市,city,110489,4269,2026-01-01,1362,1362
256,252,372021,香川県,丸亀市,city,110484,3221,2026-01-01,1838,1838
257,272,122246,千葉県,鎌ケ谷市,city,109948,2844,2026-01-01,733,733
258,500,072028,福島県,会津若松市,city,109006,1153,2026-01-01,426,426
259,552,012084,北海道,北見市,city,108170,955,2026-01-01,26,26
260,353,272221,大阪府,羽曳野市,city,106702,1989,2026-01-01,1481,1481
261,517,402176,福岡県,筑紫野市,city,106390,1093,2026-01-01,1958,1958
262,519,032158,岩手県,奥州市,city,106116,1073,2026-01-01,266,266
263,230,082171,茨城県,取手市,city,105978,3697,2026-01-01,511,511
264,380,282197,兵庫県,三田市,city,105561,1738,2026-01-01,1535,1535
265,279,272141,大阪府,富田林市,city,104806,2766,2026-01-01,1473,1473
266,242,172031,石川県,小松市,city,104772,3436,2026-01-01,974,974
267,328,402303,福岡県,糸島市,city,104141,2185,2026-01-01,1970,1970
268,430,402192,福岡県,大野城市,city,104025,1451,2026-01-01,1960,1960
269,261,212041,岐阜県,多治見市,city,103924,3100,2026-01-01,1150,1150
270,379,222062,静岡県,三島市,city,103790,1744,2026-01-01,1209,1209
271,454,032093,岩手県,一関市,city,103421,1364,2026-01-01,261,261
272,297,272043,大阪府,池田市,city,102819,2425,2026-01-01,1463,1463
273,515,402028,福岡県,大牟田市,city,102782,1097,2026-01-01,1945,1945
274,465,012033,北海道,小樽市,city,102385,1305,2026-01-01,21,21
275,315,382060,愛媛県,西条市,city,102177,2284,2026-01-01,1865,1865
276,301,472051,沖縄県,宜野湾市,city,100253,2395,2026-01-01,2236,2236
277,190,272132,大阪府,泉佐野市,city,99623,4345,2026-01-01,1472,1472
278,592,422053,長崎県,大村市,city,99574,858,2026-01-01,2046,2046
279,199,112399,埼玉県,坂戸市,city,99346,4227,2026-01-01,667,667
280,270,102032,群馬県,桐生市,city,99318,2889,2026-01-01,583,583
281,80,212148,岐阜県,可児市,city,99275,9622,2026-01-01,1160,1160
282,236,142140,神奈川県,伊勢原市,city,99052,3575,2026-01-01,880,880
283,169,082279,茨城県,筑西市,city,98933,4791,2026-01-01,520,520
284,275,232173,愛知県,江南市,city,97764,2841,2026-01-01,1279,1279
285,427,462039,鹿児島県,鹿屋市,city,97576,1474,2026-01-01,2184,2184
286,392,202177,長野県,佐久市,city,97047,1659,2026-01-01,1070,1070
287,397,012246,北海道,千歳市,city,97032,1643,2026-01-01,42,42
288,463,402206,福岡県,宗像市,city,96765,1316,2026-01-01,1961,1961
289,197,122289,千葉県,四街道市,city,96622,4255,2026-01-01,737,737
290,483,272167,大阪府,河内長野市,city,96571,1231,2026-01-01,1475,1475
291,383,202207,長野県,安曇野市,city,95453,1720,2026-01-01,1073,1073
292,300,232301,愛知県,日進市,city,94574,2399,2026-01-01,1291,1291
293,321,132250,東京都,稲城市,city,94461,2223,2026-01-01,818,818
294,325,222097,静岡県,島田市,city,93931,2207,2026-01-01,1212,1212
295,147,112348,埼玉県,八潮市,city,93773,5501,2026-01-01,663,663
296,423,332038,岡山県,津山市,city,93627,1492,2026-01-01,1707,1707
297,296,202053,長野県,飯田市,city,93569,2455,2026-01-01,1059,1059
298,233,082325,茨城県,神栖市,city,93414,3613,2026-01-01,525,525
299,318,282065,兵庫県,芦屋市,city,93349,2260,2026-01-01,1523,1523
300,226,232238,愛知県,大府市,city,93227,3782,2026-01-01,1284,1284
301,684,062049,山形県,酒田市,city,92129,685,2026-01-01,384,384
302,341,092053,栃木県,鹿沼市,city,91847,2072,2026-01-01,554,554
303,184,112127,埼玉県,東松山市,city,91179,4448,2026-01-01,644,644
304,521,152064,新潟県,新発田市,city,90615,1066,2026-01-01,918,918
305,421,032069,岩手県,北上市,city,90504,1505,2026-01-01,258,258
306,564,152048,新潟県,三条市,city,89826,929,2026-01-01,916,916
307,224,162116,富山県,射水市,city,89377,3850,2026-01-01,963,963
308,626,462152,鹿児島県,薩摩川内市,city,89136,792,2026-01-01,2191,2191
309,647,032051,岩手県,花巻市,city,88618,750,2026-01-01,257,257
310,243,232378,愛知県,あま市,city,87817,3422,2026-01-01,1298,1298
311,334,182109,福井県,坂井市,city,87812,2157,2026-01-01,1005,1005
312,123,222160,静岡県,袋井市,city,87529,6279,2026-01-01,1219,1219
313,165,252093,滋賀県,甲賀市,city,86848,4958,2026-01-01,1368,1368
314,304,272248,大阪府,摂津市,city,86432,2381,2026-01-01,1483,1483
315,456,252077,滋賀県,守山市,city,86135,1349,2026-01-01,1366,1366
316,277,232343,愛知県,北名古屋市,city,86100,2820,2026-01-01,1295,1295
317,398,282162,兵庫県,高砂市,city,85820,1634,2026-01-01,1532,1532
318,244,342041,広島県,三原市,city,85807,3396,2026-01-01,1754,1754
319,407,262064,京都府,亀岡市,city,85597,1579,2026-01-01,1401,1401
320,351,122106,千葉県,茂原市,city,85070,1991,2026-01-01,720,720
321,414,132209,東京都,東大和市,city,84989,1551,2026-01-01,813,813
322,245,112291,埼玉県,和光市,city,84917,3392,2026-01-01,658,658
323,145,142182,神奈川県,綾瀬市,city,83871,5564,2026-01-01,884,884
324,345,232262,愛知県,尾張旭市,city,83692,2043,2026-01-01,1287,1287
325,121,242161,三重県,伊賀市,city,83351,6336,2026-01-01,1337,1337
326,347,082198,茨城県,牛久市,city,83276,2033,2026-01-01,512,512
327,251,212059,岐阜県,関市,city,83152,3239,2026-01-01,1151,1151
328,248,222151,静岡県,御殿場市,city,83034,3334,2026-01-01,1218,1218
329,282,232246,愛知県,知多市,city,82685,2681,2026-01-01,1285,1285
330,361,132195,東京都,狛江市,city,82258,1922,2026-01-01,812,812
331,493,262099,京都府,長岡京市,city,81990,1177,2026-01-01,1404,1404
332,435,292036,奈良県,大和郡山市,city,81833,1429,2026-01-01,1569,1569
333,298,252042,滋賀県,近江八幡市,city,81789,2402,2026-01-01,1364,1364
334,387,212032,岐阜県,高山市,city,81590,1698,2026-01-01,1149,1149
335,259,442038,大分県,中津市,city,81132,3147,2026-01-01,2130,2130
336,313,272086,大阪府,貝塚市,city,80671,2292,2026-01-01,1467,1467
337,131,182095,福井県,越前市,city,79895,6102,2026-01-01,1004,1004
338,680,042072,宮城県,名取市,city,79817,694,2026-01-01,308,308
339,486,382132,愛媛県,四国中央市,city,79536,1209,2026-01-01,1868,1868
340,439,262145,京都府,木津川市,city,79017,1420,2026-01-01,1409,1409
341,754,052035,秋田県,横手市,city,78958,566,2026-01-01,351,351
342,401,122254,千葉県,君津市,city,78657,1626,2026-01-01,734,734
343,393,132284,東京都,あきる野市,city,78559,1657,2026-01-01,820,820
344,630,462250,鹿児島県,姶良市,city,78092,780,2026-01-01,2201,2201
345,622,292109,奈良県,香芝市,city,77988,798,2026-01-01,1576,1576
346,177,092096,栃木県,真岡市,city,77685,4592,2026-01-01,557,557
347,284,112062,埼玉県,行田市,city,77396,2642,2026-01-01,638,638
348,400,112097,埼玉県,飯能市,city,77381,1627,2026-01-01,641,641
349,603,272302,大阪府,交野市,city,77326,842,2026-01-01,1489,1489
350,69,112232,埼玉県,蕨市,city,77289,10944,2026-01-01,653,653
351,229,232149,愛知県,蒲郡市,city,76682,3718,2026-01-01,1276,1276
352,329,132152,東京都,国立市,city,76460,2183,2026-01-01,810,810
353,388,192104,山梨県,甲斐市,city,76349,1686,2026-01-01,1030,1030
354,287,112283,埼玉県,志木市,city,76187,2604,2026-01-01,657,657
355,241,112119,埼玉県,本庄市,city,76107,3458,2026-01-01,643,643
356,360,132217,東京都,清瀬市,city,75682,1934,2026-01-01,814,814
357,596,152137,新潟県,燕市,city,75260,853,2026-01-01,924,924
358,546,152056,新潟県,柏崎市,city,74836,975,2026-01-01,917,917
359,227,082082,茨城県,龍ケ崎市,city,74492,3740,2026-01-01,504,504
360,292,412031,佐賀県,鳥栖市,city,74337,2541,2026-01-01,2017,2017
361,314,092061,栃木県,日光市,city,74184,2285,2026-01-01,555,555
362,436,112313,埼玉県,桶川市,city,74120,1428,2026-01-01,660,660
363,494,262021,京都府,舞鶴市,city,73893,1177,2026-01-01,1397,1397
364,402,262013,京都府,福知山市,city,73890,1617,2026-01-01,1396,1396
365,461,282090,兵庫県,豊岡市,city,73728,1328,2026-01-01,1526,1526
366,476,062022,山形県,米沢市,city,73351,1254,2026-01-01,382,382
367,416,242080,三重県,名張市,city,73241,1522,2026-01-01,1330,1330
368,677,012050,北海道,室蘭市,city,73201,701,2026-01-01,23,23
369,183,102075,群馬県,館林市,city,73086,4456,2026-01-01,587,587
370,813,012106,北海道,岩見沢市,city,72771,484,2026-01-01,28,28
371,136,232254,愛知県,知立市,city,72726,5836,2026-01-01,1286,1286
372,534,262072,京都府,城陽市,city,72644,1017,2026-01-01,1402,1402
373,283,212067,岐阜県,中津川市,city,72453,2648,2026-01-01,1152,1152
374,336,272060,大阪府,泉大津市,city,72363,2125,2026-01-01,1465,1465
375,871,052124,秋田県,大仙市,city,72318,412,2026-01-01,358,358
376,264,282154,兵庫県,三木市,city,72286,2971,2026-01-01,1531,1531
377,704,072079,福島県,須賀川市,city,72205,647,2026-01-01,430,430
378,288,112437,埼玉県,吉川市,city,72165,2595,2026-01-01,671,671
379,438,082163,茨城県,笠間市,city,72058,1425,2026-01-01,510,510
380,116,232092,愛知県,碧南市,city,72045,6759,2026-01-01,1271,1271
381,386,262111,京都府,京田辺市,city,71840,1705,2026-01-01,1406,1406
382,489,402133,福岡県,行橋市,city,71813,1205,2026-01-01,1954,1954
383,395,192082,山梨県,南アルプス市,city,71812,1648,2026-01-01,1028,1028
384,615,402214,福岡県,太宰府市,city,71580,806,2026-01-01,1962,1962
385,484,282294,兵庫県,たつの市,city,71448,1230,2026-01-01,1545,1545
386,426,102083,群馬県,渋川市,city,71273,1476,2026-01-01,588,588
387,262,232157,愛知県,犬山市,city,71038,3097,2026-01-01,1277,1277
388,410,082244,茨城県,守谷市,city,70960,1560,2026-01-01,517,517
389,310,132233,東京都,武蔵村山市,city,70564,2334,2026-01-01,816,816
390,775,042129,宮城県,登米市,city,70486,539,2026-01-01,312,312
391,662,432156,熊本県,天草市,city,70451,724,2026-01-01,2085,2085
392,364,252085,滋賀県,栗東市,city,70385,1871,2026-01-01,1367,1367
393,460,012319,北海道,恵庭市,city,70159,1335,2026-01-01,49,49
394,303,112411,埼玉県,鶴ヶ島市,city,69668,2387,2026-01-01,669,669
395,323,332089,岡山県,総社市,city,69642,2215,2026-01-01,1711,1711
396,639,402249,福岡県,福津市,city,69535,756,2026-01-01,1964,1964
397,367,082058,茨城県,石岡市,city,69184,1843,2026-01-01,502,502
398,191,131016,東京都,千代田区,special_ward,69139,4344,2026-01-01,773,773
399,912,052108,秋田県,由利本荘市,city,69064,370,2026-01-01,356,356
400,299,232335,愛知県,清須市,city,68902,2402,2026-01-01,1294,1294
401,350,122360,千葉県,香取市,city,68684,2003,2026-01-01,745,745
402,253,262102,京都府,八幡市,city,68175,3210,2026-01-01,1405,1405
403,468,182079,福井県,鯖江市,city,68005,1290,2026-01-01,1002,1002
404,172,232297,愛知県,豊明市,city,67743,4632,2026-01-01,1290,1290
405,444,092100,栃木県,大田原市,city,67033,1405,2026-01-01,558,558
406,816,362042,徳島県,阿南市,city,66921,483,2026-01-01,1807,1807
407,170,122301,千葉県,八街市,city,66393,4691,2026-01-01,739,739
408,363,192112,山梨県,笛吹市,city,66312,1878,2026-01-01,1031,1031
409,784,302066,和歌山県,田辺市,city,66157,528,2026-01-01,1619,1619
410,362,212091,岐阜県,羽島市,city,66151,1888,2026-01-01,1155,1155
411,317,272213,大阪府,柏原市,city,66136,2275,2026-01-01,1480,1480
412,437,122297,千葉県,袖ケ浦市,city,66063,1427,2026-01-01,738,738
413,688,472123,沖縄県,豊見城市,city,65893,678,2026-01-01,2242,2242
414,629,382035,愛媛県,宇和島市,city,65462,786,2026-01-01,1862,1862
415,612,432164,熊本県,合志市,city,65405,820,2026-01-01,2086,2086
416,487,472093,沖縄県,名護市,city,65254,1209,2026-01-01,2239,2239
417,475,112330,埼玉県,北本市,city,64997,1258,2026-01-01,662,662
418,422,202151,長野県,塩尻市,city,64883,1500,2026-01-01,1069,1069
419,346,202096,長野県,伊那市,city,64499,2043,2026-01-01,1063,1063
420,434,082228,茨城県,鹿嶋市,city,64263,1434,2026-01-01,515,515
421,764,052043,秋田県,大館市,city,64164,550,2026-01-01,352,352
422,481,222089,静岡県,伊東市,city,63494,1235,2026-01-01,1211,1211
423,547,442054,大分県,佐伯市,city,63121,971,2026-01-01,2132,2132
424,396,472107,沖縄県,糸満市,city,62225,1648,2026-01-01,2240,2240
425,450,272264,大阪府,藤井寺市,city,62023,1381,2026-01-01,1485,1485
426,344,122327,千葉県,白井市,city,61704,2053,2026-01-01,741,741
427,418,182028,福井県,敦賀市,city,61692,1518,2026-01-01,998,998
428,420,432067,熊本県,玉名市,city,61684,1506,2026-01-01,2078,2078
429,424,232386,愛知県,長久手市,city,61677,1491,2026-01-01,1299,1299
430,819,042099,宮城県,多賀城市,city,61443,479,2026-01-01,310,310
431,477,292028,奈良県,大和高田市,city,61336,1252,2026-01-01,1568,1568
432,263,232360,愛知県,みよし市,city,61321,3044,2026-01-01,1297,1297
433,337,122157,千葉県,旭市,city,61030,2124,2026-01-01,724,724
434,502,112381,埼玉県,蓮田市,city,60928,1143,2026-01-01,666,666
435,381,172065,石川県,加賀市,city,60859,1738,2026-01-01,977,977
436,451,102091,群馬県,藤岡市,city,60844,1381,2026-01-01,589,589
437,536,402079,福岡県,柳川市,city,60734,1010,2026-01-01,1950,1950
438,105,082112,茨城県,常総市,city,60041,7141,2026-01-01,506,506
439,455,292044,奈良県,天理市,city,60034,1361,2026-01-01,1570,1570
440,373,232327,愛知県,愛西市,city,59945,1808,2026-01-01,1293,1293
441,359,402168,福岡県,小郡市,city,59685,1943,2026-01-01,1957,1957
442,640,062103,山形県,天童市,city,59645,755,2026-01-01,390,390
443,419,372081,香川県,三豊市,city,59577,1511,2026-01-01,1844,1844
444,478,092169,栃木県,下野市,city,59416,1252,2026-01-01,563,563
445,650,442046,大分県,日田市,city,59304,742,2026-01-01,2131,2131
446,409,282235,兵庫県,丹波市,city,59202,1561,2026-01-01,1539,1539
447,616,042137,宮城県,栗原市,city,59147,806,2026-01-01,313,313
448,268,232084,愛知県,津島市,city,59043,2924,2026-01-01,1270,1270
449,445,402231,福岡県,古賀市,city,58957,1400,2026-01-01,1963,1963
450,510,402109,福岡県,八女市,city,58877,1117,2026-01-01,1951,1951
451,509,202185,長野県,千曲市,city,58537,1119,2026-01-01,1071,1071
452,316,232165,愛知県,常滑市,city,58474,2277,2026-01-01,1278,1278
453,669,302082,和歌山県,紀の川市,city,58287,714,2026-01-01,1621,1621
454,562,352161,山口県,山陽小野田市,city,58118,936,2026-01-01,1792,1792
455,675,302031,和歌山県,橋本市,city,58038,703,2026-01-01,1616,1616
456,306,232319,愛知県,田原市,city,57843,2357,2026-01-01,1292,1292
457,119,212113,岐阜県,美濃加茂市,city,57649,6474,2026-01-01,1157,1157
458,452,272281,大阪府,泉南市,city,57429,1373,2026-01-01,1487,1487
459,666,272311,大阪府,大阪狭山市,city,57368,719,2026-01-01,1490,1490
460,683,142085,神奈川県,逗子市,city,57326,687,2026-01-01,875,875
461,702,452068,宮崎県,日向市,city,57042,655,2026-01-01,2155,2155
462,156,132187,東京都,福生市,city,56896,5100,2026-01-01,811,811
463,529,012351,北海道,石狩市,city,56844,1033,2026-01-01,52,52
464,198,222216,静岡県,湖西市,city,56667,4248,2026-01-01,1222,1222
465,785,022063,青森県,十和田市,city,56664,526,2026-01-01,210,210
466,548,072052,福島県,白河市,city,56349,970,2026-01-01,429,429
467,580,352071,山口県,下松市,city,56334,883,2026-01-01,1785,1785
468,265,212164,岐阜県,瑞穂市,city,56270,2961,2026-01-01,1162,1162
469,597,112071,埼玉県,秩父市,city,56230,853,2026-01-01,639,639
470,295,122131,千葉県,東金市,city,56193,2458,2026-01-01,723,723
471,668,012343,北海道,北広島市,city,56109,715,2026-01-01,51,51
472,678,262081,京都府,向日市,city,55899,701,2026-01-01,1403,1403
473,508,432130,熊本県,宇城市,city,55703,1130,2026-01-01,2083,2083
474,567,272256,大阪府,高石市,city,55601,921,2026-01-01,1484,1484
475,406,372056,香川県,観音寺市,city,55543,1587,2026-01-01,1841,1841
476,446,472140,沖縄県,宮古島市,city,55499,1388,2026-01-01,2244,2244
477,601,042056,宮城県,気仙沼市,city,55055,848,2026-01-01,306,306
478,689,072133,福島県,伊達市,city,55004,676,2026-01-01,436,436
479,614,172120,石川県,野々市市,city,54905,810,2026-01-01,982,982
480,685,072125,福島県,南相馬市,city,54791,685,2026-01-01,435,435
481,542,402044,福岡県,直方市,city,54154,993,2026-01-01,1947,1947
482,188,252115,滋賀県,湖南市,city,54063,4365,2026-01-01,1370,1370
483,319,132276,東京都,羽村市,city,53956,2246,2026-01-01,819,819
484,553,292061,奈良県,桜井市,city,53885,954,2026-01-01,1572,1572
485,1011,032166,岩手県,滝沢市,city,53876,281,2026-01-01,267,267
486,442,112429,埼玉県,日高市,city,53731,1408,2026-01-01,670,670
487,473,202142,長野県,茅野市,city,53723,1264,2026-01-01,1068,1068
488,504,082350,茨城県,つくばみらい市,city,53720,1140,2026-01-01,528,528
489,636,302091,和歌山県,岩出市,city,53648,771,2026-01-01,1622,1622
490,594,272299,大阪府,四條畷市,city,53599,856,2026-01-01,1488,1488
491,278,112160,埼玉県,羽生市,city,53589,2806,2026-01-01,647,647
492,305,212121,岐阜県,土岐市,city,53471,2374,2026-01-01,1158,1158
493,545,332046,岡山県,玉野市,city,53032,978,2026-01-01,1708,1708
494,537,102113,群馬県,安中市,city,52958,1006,2026-01-01,591,591
495,273,122025,千葉県,銚子市,city,52881,2844,2026-01-01,713,713
496,854,082261,茨城県,那珂市,city,52590,431,2026-01-01,519,519
497,673,362026,徳島県,鳴門市,city,52552,707,2026-01-01,1805,1805
498,966,042161,宮城県,富谷市,city,52485,316,2026-01-01,316,316
499,780,152129,新潟県,村上市,city,52228,533,2026-01-01,923,923
500,532,112461,埼玉県,白岡市,city,52195,1026,2026-01-01,673,673
501,651,343021,広島県,安芸郡府中町,town,51777,739,2026-01-01,1766,1766
502,161,082287,茨城県,坂東市,city,51740,4992,2026-01-01,521,521
503,415,152269,新潟県,南魚沼市,city,51603,1549,2026-01-01,932,932
504,579,042030,宮城県,塩竈市,city,51136,884,2026-01-01,305,305
505,464,442119,大分県,宇佐市,city,51098,1309,2026-01-01,2138,2138
506,560,412058,佐賀県,伊万里市,city,50905,937,2026-01-01,2019,2019
507,458,462080,鹿児島県,出水市,city,50836,1342,2026-01-01,2187,2187
508,472,252107,滋賀県,野洲市,city,50636,1274,2026-01-01,1369,1369
509,1152,022080,青森県,むつ市,city,50521,179,2026-01-01,212,212
510,403,084433,茨城県,稲敷郡阿見町,town,50128,1595,2026-01-01,540,540
511,173,122335,千葉県,富里市,city,49868,4611,2026-01-01,742,742
512,371,234427,愛知県,知多郡東浦町,town,49715,1828,2026-01-01,1313,1313
513,378,172111,石川県,能美市,city,49705,1749,2026-01-01,981,981
514,654,072109,福島県,二本松市,city,49597,735,2026-01-01,433,433
515,459,402281,福岡県,朝倉市,city,49510,1341,2026-01-01,1968,1968
516,495,472077,沖縄県,石垣市,city,49485,1166,2026-01-01,2237,2237
517,600,272329,大阪府,阪南市,city,49402,849,2026-01-01,1491,1491
518,793,402311,福岡県,那珂川市,city,49221,516,2026-01-01,1971,1971
519,728,262129,京都府,京丹後市,city,49118,608,2026-01-01,1407,1407
520,276,242101,三重県,亀山市,city,49098,2825,2026-01-01,1332,1332
521,249,082074,茨城県,結城市,city,49039,3308,2026-01-01,503,503
522,166,232271,愛知県,高浜市,city,48924,4940,2026-01-01,1288,1288
523,391,372030,香川県,坂出市,city,48902,1667,2026-01-01,1839,1839
524,1085,022055,青森県,五所川原市,city,48900,221,2026-01-01,209,209
525,620,402117,福岡県,筑後市,city,48894,800,2026-01-01,1952,1952
526,578,202070,長野県,須坂市,city,48837,896,2026-01-01,1061,1061
527,448,143219,神奈川県,高座郡寒川町,town,48702,1385,2026-01-01,888,888
528,376,112402,埼玉県,幸手市,city,48522,1798,2026-01-01,668,668
529,789,432041,熊本県,荒尾市,city,48490,522,2026-01-01,2076,2076
530,522,403491,福岡県,糟屋郡粕屋町,town,48404,1060,2026-01-01,1979,1979
531,541,222208,静岡県,裾野市,city,48273,995,2026-01-01,1221,1221
532,490,102121,群馬県,みどり市,city,48193,1200,2026-01-01,592,592
533,221,232289,愛知県,岩倉市,city,47942,3923,2026-01-01,1289,1289
534,308,082368,茨城県,小美玉市,city,47916,2352,2026-01-01,529,529
535,649,322024,島根県,浜田市,city,47498,743,2026-01-01,1677,1677
536,806,062111,山形県,東根市,city,47486,492,2026-01-01,391,391
537,723,432083,熊本県,山鹿市,city,47378,618,2026-01-01,2079,2079
538,786,472158,沖縄県,南城市,city,47325,526,2026-01-01,2245,2245
539,568,342092,広島県,三次市,city,47223,916,2026-01-01,1758,1758
540,745,352101,山口県,光市,city,47176,585,2026-01-01,1787,1787
541,539,122394,千葉県,大網白里市,city,47152,1005,2026-01-01,748,748
542,714,452041,宮崎県,日南市,city,47105,635,2026-01-01,2153,2153
543,385,202061,長野県,諏訪市,city,47067,1706,2026-01-01,1060,1060
544,311,122378,千葉県,山武市,city,47043,2329,2026-01-01,746,746
545,992,152242,新潟県,佐渡市,city,46760,296,2026-01-01,930,930
546,216,222241,静岡県,菊川市,city,46698,3964,2026-01-01,1225,1225
547,372,282189,兵庫県,小野市,city,46558,1826,2026-01-01,1534,1534
548,405,432105,熊本県,菊池市,city,46490,1589,2026-01-01,2080,2080
549,876,412066,佐賀県,武雄市,city,46368,406,2026-01-01,2020,2020
550,563,162086,富山県,砺波市,city,46357,932,2026-01-01,960,960
551,540,403431,福岡県,糟屋郡志免町,town,46274,997,2026-01-01,1975,1975
552,917,052027,秋田県,能代市,city,46202,364,2026-01-01,350,350
553,873,152102,新潟県,十日町市,city,45992,410,2026-01-01,921,921
554,520,192023,山梨県,富士吉田市,city,45904,1070,2026-01-01,1023,1023
555,551,202045,長野県,岡谷市,city,45765,960,2026-01-01,1058,1058
556,202,082341,茨城県,鉾田市,city,45750,4137,2026-01-01,527,527
557,788,462161,鹿児島県,日置市,city,45667,524,2026-01-01,2192,2192
558,939,302023,和歌山県,海南市,city,45653,339,2026-01-01,1615,1615
559,739,392049,高知県,南国市,city,45512,594,2026-01-01,1891,1891
560,974,082121,茨城県,常陸太田市,city,45469,309,2026-01-01,507,507
561,449,212105,岐阜県,恵那市,city,45436,1383,2026-01-01,1156,1156
562,637,222259,静岡県,伊豆の国市,city,45395,771,2026-01-01,1226,1226
563,569,172022,石川県,七尾市,city,45390,916,2026-01-01,973,973
564,516,162108,富山県,南砺市,city,45168,1096,2026-01-01,962,962
565,555,192091,山梨県,北杜市,city,44973,952,2026-01-01,1029,1029
566,572,113018,埼玉県,北足立郡伊奈町,town,44824,913,2026-01-01,675,675
567,698,152188,新潟県,五泉市,city,44706,666,2026-01-01,927,927
568,1124,032026,岩手県,宮古市,city,44562,198,2026-01-01,255,255
569,431,102105,群馬県,富岡市,city,44539,1449,2026-01-01,590,590
570,570,252123,滋賀県,高島市,city,44473,916,2026-01-01,1371,1371
571,281,242144,三重県,いなべ市,city,44421,2702,2026-01-01,1335,1335
572,462,402061,福岡県,田川市,city,44065,1319,2026-01-01,1949,1949
573,511,434043,熊本県,菊池郡菊陽町,town,43943,1117,2026-01-01,2096,2096
574,365,233021,愛知県,愛知郡東郷町,town,43901,1866,2026-01-01,1301,1301
575,878,412082,佐賀県,小城市,city,43887,401,2026-01-01,2022,2022
576,610,092142,栃木県,さくら市,city,43604,821,2026-01-01,561,561
577,709,223425,静岡県,駿東郡長泉町,town,43571,640,2026-01-01,1238,1238
578,627,372064,香川県,さぬき市,city,43490,792,2026-01-01,1842,1842
579,734,282120,兵庫県,赤穂市,city,43475,605,2026-01-01,1528,1528
580,255,232351,愛知県,弥富市,city,43424,3181,2026-01-01,1296,1296
581,389,234478,愛知県,知多郡武豊町,town,43315,1674,2026-01-01,1316,1316
582,565,114642,埼玉県,北葛飾郡杉戸町,town,43152,929,2026-01-01,703,703
583,598,282243,兵庫県,南あわじ市,city,43065,853,2026-01-01,1540,1540
584,525,332054,岡山県,笠岡市,city,43028,1046,2026-01-01,1709,1709
585,682,242152,三重県,志摩市,city,43026,688,2026-01-01,1336,1336
586,834,312037,鳥取県,倉吉市,city,42994,452,2026-01-01,1653,1653
587,693,122050,千葉県,館山市,city,42801,672,2026-01-01,716,716
588,643,042111,宮城県,岩沼市,city,42777,753,2026-01-01,311,311
589,797,012301,北海道,登別市,city,42727,506,2026-01-01,48,48
590,501,102067,群馬県,沼田市,city,42647,1145,2026-01-01,586,586
591,904,072087,福島県,喜多方市,city,42580,379,2026-01-01,431,431
592,506,473243,沖縄県,中頭郡読谷村,village,42373,1137,2026-01-01,2257,2257
593,997,016314,北海道,河東郡音更町,town,42240,294,2026-01-01,169,169
594,765,322041,島根県,益田市,city,42166,550,2026-01-01,1679,1679
595,905,012360,北海道,北斗市,city,42159,379,2026-01-01,53,53
596,766,273619,大阪府,泉南郡熊取町,town,42119,550,2026-01-01,1500,1500
597,676,332135,岡山県,赤磐市,city,42062,703,2026-01-01,1716,1716
598,485,235016,愛知県,額田郡幸田町,town,41880,1222,2026-01-01,1318,1318
599,239,082104,茨城県,下妻市,city,41781,3481,2026-01-01,505,505
600,497,202118,長野県,中野市,city,41719,1164,2026-01-01,1065,1065
601,432,232211,愛知県,新城市,city,41602,1443,2026-01-01,1282,1282
602,271,222267,静岡県,牧之原市,city,41559,2847,2026-01-01,1227,1227
603,983,473502,沖縄県,島尻郡南風原町,town,41458,304,2026-01-01,2265,2265
604,584,422037,長崎県,島原市,city,41396,868,2026-01-01,2044,2044
605,89,105244,群馬県,邑楽郡大泉町,town,41267,9011,2026-01-01,621,621
606,686,162051,富山県,氷見市,city,41167,684,2026-01-01,957,957
607,609,452050,宮崎県,小林市,city,41142,823,2026-01-01,2154,2154
608,503,202088,長野県,小諸市,city,40978,1142,2026-01-01,1062,1062
609,369,282201,兵庫県,加西市,city,40973,1839,2026-01-01,1536,1536
610,611,282260,兵庫県,淡路市,city,40686,821,2026-01-01,1542,1542
611,803,352047,山口県,萩市,city,40516,497,2026-01-01,1783,1783
612,466,243418,三重県,三重郡菰野町,town,40468,1300,2026-01-01,1343,1343
613,718,282057,兵庫県,洲本市,city,40233,625,2026-01-01,1522,1522
614,531,422134,長崎県,雲仙市,city,40121,1027,2026-01-01,2053,2053
615,777,332143,岡山県,真庭市,city,39917,536,2026-01-01,1717,1717
616,757,422142,長崎県,南島原市,city,39790,559,2026-01-01,2054,2054
617,593,122262,千葉県,富津市,city,39665,858,2026-01-01,735,735
618,645,142174,神奈川県,南足柄市,city,39637,751,2026-01-01,883,883
619,1062,462225,鹿児島県,奄美市,city,39636,235,2026-01-01,2198,2198
620,339,082309,茨城県,かすみがうら市,city,39408,2096,2026-01-01,523,523
621,664,082155,茨城県,北茨城市,city,39353,722,2026-01-01,509,509
622,700,142107,神奈川県,三浦市,city,39311,659,2026-01-01,876,876
623,1102,423076,長崎県,西彼杵郡長与町,town,39252,210,2026-01-01,2056,2056
624,220,144011,神奈川県,愛甲郡愛川町,town,39169,3926,2026-01-01,903,903
625,342,282286,兵庫県,加東市,city,39132,2071,2026-01-01,1544,1544
626,791,062065,山形県,寒河江市,city,38785,518,2026-01-01,386,386
627,735,162078,富山県,黒部市,city,38745,604,2026-01-01,959,959
628,805,402150,福岡県,中間市,city,38626,494,2026-01-01,1956,1956
629,1082,052078,秋田県,湯沢市,city,38608,222,2026-01-01,354,354
630,513,282219,兵庫県,丹波篠山市,city,38525,1104,2026-01-01,1537,1537
631,853,152234,新潟県,阿賀野市,city,38454,434,2026-01-01,929,929
632,879,382078,愛媛県,大洲市,city,38198,401,2026-01-01,1866,1866
633,830,083411,茨城県,那珂郡東海村,village,38121,457,2026-01-01,535,535
634,717,162043,富山県,魚津市,city,38013,629,2026-01-01,956,956
635,604,093611,栃木県,下都賀郡壬生町,town,37993,839,2026-01-01,572,572
636,746,292117,奈良県,葛城市,city,37690,585,2026-01-01,1577,1577
637,800,173614,石川県,河北郡津幡町,town,37535,504,2026-01-01,986,986
638,1029,152111,新潟県,見附市,city,37459,262,2026-01-01,922,922
639,390,406210,福岡県,京都郡苅田町,town,37447,1673,2026-01-01,2008,2008
640,1083,042145,宮城県,東松島市,city,37332,222,2026-01-01,314,314
641,507,113247,埼玉県,入間郡三芳町,town,37230,1137,2026-01-01,677,677
642,742,082252,茨城県,常陸大宮市,city,37142,589,2026-01-01,518,518
643,623,022071,青森県,三沢市,city,37073,798,2026-01-01,211,211
644,720,152161,新潟県,糸魚川市,city,37062,622,2026-01-01,925,925
645,586,282138,兵庫県,西脇市,city,37037,865,2026-01-01,1529,1529
646,575,082317,茨城県,桜川市,city,37008,907,2026-01-01,524,524
647,595,212199,岐阜県,郡上市,city,36973,855,2026-01-01,1165,1165
648,705,362051,徳島県,吉野川市,city,36891,646,2026-01-01,1808,1808
649,320,234257,愛知県,海部郡蟹江町,town,36736,2245,2026-01-01,1309,1309
650,638,403415,福岡県,糟屋郡宇美町,town,36722,764,2026-01-01,1973,1973
651,589,462101,鹿児島県,指宿市,city,36624,863,2026-01-01,2188,2188
652,667,252140,滋賀県,米原市,city,36522,718,2026-01-01,1373,1373
653,817,172090,石川県,かほく市,city,36420,483,2026-01-01,979,979
654,488,434035,熊本県,菊池郡大津町,town,36408,1209,2026-01-01,2095,2095
655,356,082295,茨城県,稲敷市,city,36376,1968,2026-01-01,522,522
656,1031,043231,宮城県,柴田郡柴田町,town,36036,260,2026-01-01,323,323
657,811,223255,静岡県,田方郡函南町,town,35945,486,2026-01-01,1235,1235
658,1080,044067,宮城県,宮城郡利府町,town,35900,225,2026-01-01,333,333
659,658,332071,岡山県,井原市,city,35886,726,2026-01-01,1710,1710
660,587,332127,岡山県,瀬戸内市,city,35857,865,2026-01-01,1715,1715
661,1175,012254,北海道,滝川市,city,35851,168,2026-01-01,43,43
662,794,432113,熊本県,宇土市,city,35847,511,2026-01-01,2081,2081
663,880,263664,京都府,相楽郡精華町,town,35753,401,2026-01-01,1420,1420
664,613,473294,沖縄県,中頭郡西原町,town,35545,820,2026-01-01,2262,2262
665,394,104647,群馬県,佐波郡玉村町,town,35309,1656,2026-01-01,616,616
666,856,364037,徳島県,板野郡藍住町,town,35277,427,2026-01-01,1829,1829
667,585,233625,愛知県,丹羽郡扶桑町,town,34890,866,2026-01-01,1306,1306
668,968,294268,奈良県,北葛城郡広陵町,town,34879,315,2026-01-01,1599,1599
669,429,212083,岐阜県,瑞浪市,city,34771,1453,2026-01-01,1154,1154
670,687,283827,兵庫県,加古郡播磨町,town,34765,680,2026-01-01,1552,1552
671,1008,382108,愛媛県,伊予市,city,34661,284,2026-01-01,1867,1867
672,967,322067,島根県,安来市,city,34486,316,2026-01-01,1681,1681
673,1022,434434,熊本県,上益城郡益城町,town,34443,268,2026-01-01,2107,2107
674,625,342084,広島県,府中市,city,34340,795,2026-01-01,1757,1757
675,801,442062,大分県,臼杵市,city,34189,504,2026-01-01,2133,2133
676,674,122386,千葉県,いすみ市,city,34110,704,2026-01-01,747,747
677,920,362034,徳島県,小松島市,city,33936,361,2026-01-01,1806,1806
678,942,322091,島根県,雲南市,city,33803,337,2026-01-01,1683,1683
679,993,473626,沖縄県,島尻郡八重瀬町,town,33727,296,2026-01-01,2275,2275
680,469,234249,愛知県,海部郡大治町,town,33694,1289,2026-01-01,1308,1308
681,838,402290,福岡県,みやま市,city,33609,446,2026-01-01,1969,1969
682,707,362069,徳島県,阿波市,city,33583,644,2026-01-01,1809,1809
683,557,442135,大分県,由布市,city,33501,942,2026-01-01,2140,2140
684,722,122343,千葉県,南房総市,city,33391,620,2026-01-01,743,743
685,840,402273,福岡県,嘉麻市,city,33355,445,2026-01-01,1967,1967
686,691,114421,埼玉県,南埼玉郡宮代町,town,33282,674,2026-01-01,701,701
687,872,284645,兵庫県,揖保郡太子町,town,33270,411,2026-01-01,1558,1558
688,929,273015,大阪府,三島郡島本町,town,33235,347,2026-01-01,1493,1493
689,729,403458,福岡県,糟屋郡新宮町,town,33176,608,2026-01-01,1977,1977
690,833,422118,長崎県,五島市,city,33116,453,2026-01-01,2051,2051
691,863,282278,兵庫県,宍粟市,city,33071,420,2026-01-01,1543,1543
692,847,382141,愛媛県,西予市,city,32871,440,2026-01-01,1869,1869
693,425,222054,静岡県,熱海市,city,32757,1479,2026-01-01,1208,1208
694,588,122351,千葉県,匝瑳市,city,32701,864,2026-01-01,744,744
695,896,382159,愛媛県,東温市,city,32673,391,2026-01-01,1870,1870
696,533,212181,岐阜県,本巣市,city,32627,1024,2026-01-01,1164,1164
697,1035,043613,宮城県,亘理郡亘理町,town,32451,255,2026-01-01,328,328
698,1213,033219,岩手県,紫波郡紫波町,town,32419,149,2026-01-01,273,273
699,703,162060,富山県,滑川市,city,32333,651,2026-01-01,958,958
700,913,192058,山梨県,山梨市,city,32319,370,2026-01-01,1025,1025
701,875,072117,福島県,田村市,city,32301,407,2026-01-01,434,434
702,783,392111,高知県,香南市,city,32292,529,2026-01-01,1897,1897
703,802,332160,岡山県,浅口市,city,32253,504,2026-01-01,1719,1719
704,646,312045,鳥取県,境港市,city,32063,751,2026-01-01,1654,1654
705,812,152081,新潟県,小千谷市,city,32044,485,2026-01-01,919,919
706,480,133035,東京都,西多摩郡瑞穂町,town,31968,1242,2026-01-01,823,823
707,919,152251,新潟県,魚沼市,city,31813,362,2026-01-01,931,931
708,809,062057,山形県,新庄市,city,31779,488,2026-01-01,385,385
709,954,072095,福島県,相馬市,city,31710,330,2026-01-01,432,432
710,550,113263,埼玉県,入間郡毛呂山町,town,31593,965,2026-01-01,678,678
711,699,012114,北海道,網走市,city,31518,661,2026-01-01,29,29
712,412,223417,静岡県,駿東郡清水町,town,31482,1555,2026-01-01,1237,1237
713,624,462179,鹿児島県,曽於市,city,31478,797,2026-01-01,2193,2193
714,1001,143413,神奈川県,中郡大磯町,town,31461,292,2026-01-01,890,890
715,946,143014,神奈川県,三浦郡葉山町,town,31458,333,2026-01-01,886,886
716,492,114081,埼玉県,大里郡寄居町,town,31441,1181,2026-01-01,699,699
717,858,032034,岩手県,大船渡市,city,31392,424,2026-01-01,256,256
718,868,403423,福岡県,糟屋郡篠栗町,town,31274,416,2026-01-01,1974,1974
719,827,442127,大分県,豊後大野市,city,31193,466,2026-01-01,2139,2139
720,866,293636,奈良県,磯城郡田原本町,town,31112,419,2026-01-01,1589,1589
721,960,403831,福岡県,遠賀郡岡垣町,town,31081,321,2026-01-01,1983,1983
722,556,202100,長野県,駒ヶ根市,city,31073,947,2026-01-01,1064,1064
723,443,212211,岐阜県,海津市,city,30995,1406,2026-01-01,1167,1167
724,782,404471,福岡県,朝倉郡筑前町,town,30993,530,2026-01-01,1991,1991
725,1133,392103,高知県,四万十市,city,30924,190,2026-01-01,1896,1896
726,1208,052116,秋田県,潟上市,city,30902,150,2026-01-01,357,357
727,441,082333,茨城県,行方市,city,30828,1409,2026-01-01,526,526
728,761,322059,島根県,大田市,city,30786,554,2026-01-01,1680,1680
729,582,462233,鹿児島県,南九州市,city,30759,874,2026-01-01,2199,2199
730,538,343048,広島県,安芸郡海田町,town,30731,1006,2026-01-01,1767,1767
731,549,262030,京都府,綾部市,city,30715,970,2026-01-01,1398,1398
732,922,462209,鹿児島県,南さつま市,city,30620,359,2026-01-01,2196,2196
733,810,032077,岩手県,久慈市,city,30587,487,2026-01-01,259,259
734,899,012335,北海道,伊達市,city,30536,386,2026-01-01,50,50
735,768,402125,福岡県,大川市,city,30531,546,2026-01-01,1953,1953
736,312,192147,山梨県,中央市,city,30417,2305,2026-01-01,1034,1034
737,644,093017,栃木県,河内郡上三川町,town,30404,753,2026-01-01,565,565
738,732,342106,広島県,庄原市,city,30404,606,2026-01-01,1759,1759
739,417,113859,埼玉県,児玉郡上里町,town,30382,1519,2026-01-01,697,697
740,652,283819,兵庫県,加古郡稲美町,town,30339,739,2026-01-01,1551,1551
741,543,332119,岡山県,備前市,city,30209,983,2026-01-01,1714,1714
742,530,083020,茨城県,東茨城郡茨城町,town,30179,1030,2026-01-01,531,531
743,882,384011,愛媛県,伊予郡松前町,town,30015,400,2026-01-01,1876,1876
744,944,042064,宮城県,白石市,city,29982,335,2026-01-01,307,307
745,862,412104,佐賀県,神埼市,city,29898,421,2026-01-01,2024,2024
746,1052,022047,青森県,黒石市,city,29863,241,2026-01-01,208,208
747,755,403440,福岡県,糟屋郡須惠町,town,29748,565,2026-01-01,1976,1976
748,573,122238,千葉県,鴨川市,city,29667,913,2026-01-01,732,732
749,821,092118,栃木県,矢板市,city,29661,475,2026-01-01,559,559
750,890,072141,福島県,本宮市,city,29551,393,2026-01-01,437,437
751,743,352110,山口県,長門市,city,29546,588,2026-01-01,1788,1788
752,663,012149,北海道,稚内市,city,29492,724,2026-01-01,32,32
753,822,372048,香川県,善通寺市,city,29443,474,2026-01-01,1840,1840
754,740,382043,愛媛県,八幡浜市,city,29379,591,2026-01-01,1863,1863
755,467,222232,静岡県,御前崎市,city,29252,1299,2026-01-01,1224,1224
756,733,182052,福井県,大野市,city,29191,606,2026-01-01,1000,1000
757,482,473260,沖縄県,中頭郡北谷町,town,29129,1232,2026-01-01,2259,2259
758,661,262137,京都府,南丹市,city,29111,725,2026-01-01,1408,1408
759,906,432032,熊本県,人吉市,city,29084,378,2026-01-01,2075,2075
760,829,423084,長崎県,西彼杵郡時津町,town,29068,460,2026-01-01,2057,2057
761,619,152170,新潟県,妙高市,city,29025,804,2026-01-01,926,926
762,1272,022101,青森県,平川市,city,28969,122,2026-01-01,214,214
763,280,224243,静岡県,榛原郡吉田町,town,28764,2720,2026-01-01,1241,1241
764,969,352128,山口県,柳井市,city,28750,315,2026-01-01,1789,1789
765,670,202193,長野県,東御市,city,28665,713,2026-01-01,1072,1072
766,887,192139,山梨県,甲州市,city,28657,394,2026-01-01,1033,1033
767,792,093866,栃木県,塩谷郡高根沢町,town,28641,518,2026-01-01,576,576
768,950,062138,山形県,南陽市,city,28563,332,2026-01-01,393,393
769,523,212202,岐阜県,下呂市,city,28297,1052,2026-01-01,1166,1166
770,566,462217,鹿児島県,志布志市,city,28198,924,2026-01-01,2197,2197
771,1060,283011,兵庫県,川辺郡猪名川町,town,28169,236,2026-01-01,1547,1547
772,1244,022098,青森県,つがる市,city,28166,134,2026-01-01,213,213
773,814,032115,岩手県,釜石市,city,28097,484,2026-01-01,263,263
774,633,192040,山梨県,都留市,city,28050,775,2026-01-01,1024,1024
775,828,234419,愛知県,知多郡阿久比町,town,27937,462,2026-01-01,1312,1312
776,1009,293440,奈良県,生駒郡斑鳩町,town,27933,283,2026-01-01,1584,1584
777,841,044211,宮城県,黒川郡大和町,town,27880,444,2026-01-01,335,335
778,885,452084,宮崎県,西都市,city,27783,396,2026-01-01,2157,2157
779,631,114651,埼玉県,北葛飾郡松伏町,town,27661,778,2026-01-01,704,704
780,994,443417,大分県,速見郡日出町,town,27613,296,2026-01-01,2145,2145
781,695,192074,山梨県,韮崎市,city,27413,671,2026-01-01,1027,1027
782,787,403822,福岡県,遠賀郡水巻町,town,27398,526,2026-01-01,1982,1982
783,576,162094,富山県,小矢部市,city,27362,907,2026-01-01,961,961
784,818,282251,兵庫県,朝来市,city,27245,480,2026-01-01,1541,1541
785,781,182044,福井県,小浜市,city,27202,531,2026-01-01,999,999
786,903,143421,神奈川県,中郡二宮町,town,27172,380,2026-01-01,891,891
787,990,422070,長崎県,平戸市,city,27166,297,2026-01-01,2047,2047
788,1072,052132,秋田県,北秋田市,city,27161,230,2026-01-01,359,359
789,457,194301,山梨県,南都留郡富士河口湖町,town,27139,1344,2026-01-01,1050,1050
790,769,222224,静岡県,伊豆市,city,27127,545,2026-01-01,1223,1223
791,778,113433,埼玉県,比企郡小川町,town,27013,536,2026-01-01,683,683
792,1030,062073,山形県,上山市,city,26978,262,2026-01-01,387,387
793,825,402257,福岡県,うきは市,city,26915,468,2026-01-01,1965,1965
794,964,412074,佐賀県,鹿島市,city,26863,320,2026-01-01,2021,2021
795,1116,013374,北海道,亀田郡七飯町,town,26824,203,2026-01-01,60,60
796,891,373419,香川県,木田郡三木町,town,26728,393,2026-01-01,1849,1849
797,877,372072,香川県,東かがわ市,city,26678,402,2026-01-01,1843,1843
798,679,282081,兵庫県,相生市,city,26646,701,2026-01-01,1525,1525
799,544,213021,岐阜県,羽島郡岐南町,town,26482,982,2026-01-01,1169,1169
800,860,422096,長崎県,対馬市,city,26430,423,2026-01-01,2049,2049
801,1063,052094,秋田県,鹿角市,city,26339,235,2026-01-01,355,355
802,672,292079,奈良県,五條市,city,26331,709,2026-01-01,1573,1573
803,901,152277,新潟県,胎内市,city,26251,381,2026-01-01,933,933
804,842,292125,奈良県,宇陀市,city,26102,443,2026-01-01,1578,1578
805,1291,033227,岩手県,紫波郡矢巾町,town,26060,115,2026-01-01,274,274
806,618,182087,福井県,あわら市,city,25965,805,2026-01-01,1003,1003
807,961,042081,宮城県,角田市,city,25920,321,2026-01-01,309,309
808,881,442101,大分県,杵築市,city,25771,401,2026-01-01,2137,2137
809,923,413461,佐賀県,三養基郡みやき町,town,25755,358,2026-01-01,2030,2030
810,706,082236,茨城県,潮来市,city,25715,646,2026-01-01,516,516
811,726,362077,徳島県,美馬市,city,25692,611,2026-01-01,1810,1810
812,561,402265,福岡県,宮若市,city,25563,937,2026-01-01,1966,1966
813,628,243248,三重県,員弁郡東員町,town,25525,791,2026-01-01,1341,1341
814,512,213616,岐阜県,不破郡垂井町,town,25481,1115,2026-01-01,1174,1174
815,554,213411,岐阜県,養老郡養老町,town,25476,954,2026-01-01,1172,1172
816,1121,453412,宮崎県,北諸県郡三股町,town,25427,200,2026-01-01,2160,2160
817,499,342149,広島県,安芸高田市,city,25401,1162,2026-01-01,1763,1763
818,440,105252,群馬県,邑楽郡邑楽町,town,25386,1412,2026-01-01,622,622
819,770,462195,鹿児島県,いちき串木野市,city,25376,544,2026-01-01,2195,2195
820,864,173657,石川県,河北郡内灘町,town,25342,420,2026-01-01,987,987
821,996,302074,和歌山県,新宮市,city,25291,295,2026-01-01,1620,1620
822,558,332097,岡山県,高梁市,city,25272,940,2026-01-01,1712,1712
823,808,392057,高知県,土佐市,city,25235,489,2026-01-01,1892,1892
824,859,332101,岡山県,新見市,city,25206,424,2026-01-01,1713,1713
825,998,082147,茨城県,高萩市,city,25174,293,2026-01-01,508,508
826,975,016438,北海道,中川郡幕別町,town,25038,309,2026-01-01,180,180
827,648,202126,長野県,大町市,city,25029,749,2026-01-01,1066,1066
828,883,024121,青森県,上北郡おいらせ町,town,25026,400,2026-01-01,240,240
829,815,342114,広島県,大竹市,city,25017,484,2026-01-01,1760,1760
830,701,093645,栃木県,下都賀郡野木町,town,24780,657,2026-01-01,573,573
831,1016,302040,和歌山県,有田市,city,24731,278,2026-01-01,1617,1617
832,348,085464,茨城県,猿島郡境町,town,24675,2008,2026-01-01,546,546
833,1153,303666,和歌山県,有田郡有田川町,town,24656,179,2026-01-01,1632,1632
834,820,442143,大分県,国東市,city,24540,479,2026-01-01,2141,2141
835,574,212156,岐阜県,山県市,city,24377,910,2026-01-01,1161,1161
836,581,422126,長崎県,西海市,city,24356,883,2026-01-01,2052,2052
837,915,363413,徳島県,名西郡石井町,town,24355,366,2026-01-01,1818,1818
838,694,332151,岡山県,美作市,city,24287,672,2026-01-01,1718,1718
839,823,392120,高知県,香美市,city,24256,472,2026-01-01,1898,1898
840,947,412091,佐賀県,嬉野市,city,24212,333,2026-01-01,2023,2023
841,590,203831,長野県,上伊那郡箕輪町,town,24194,860,2026-01-01,1094,1094
842,1241,012211,北海道,名寄市,city,24168,135,2026-01-01,39,39
843,898,163236,富山県,中新川郡立山町,town,24055,387,2026-01-01,967,967
844,535,233617,愛知県,丹羽郡大口町,town,23904,1014,2026-01-01,1305,1305
845,845,062090,山形県,長井市,city,23895,441,2026-01-01,389,389
846,602,432148,熊本県,阿蘇市,city,23860,847,2026-01-01,2084,2084
847,1104,364029,徳島県,板野郡北島町,town,23818,209,2026-01-01,1828,1828
848,1027,294250,奈良県,北葛城郡王寺町,town,23631,266,2026-01-01,1598,1598
849,1253,152099,新潟県,加茂市,city,23595,130,2026-01-01,920,920
850,999,032131,岩手県,二戸市,city,23587,293,2026-01-01,264,264
851,1000,343072,広島県,安芸郡熊野町,town,23410,293,2026-01-01,1768,1768
852,951,032085,岩手県,遠野市,city,23301,332,2026-01-01,260,260
853,772,094072,栃木県,那須郡那須町,town,23290,541,2026-01-01,578,578
854,1282,422100,長崎県,壱岐市,city,23222,119,2026-01-01,2050,2050
855,1139,043214,宮城県,柴田郡大河原町,town,23162,186,2026-01-01,321,321
856,748,402141,福岡県,豊前市,city,22956,580,2026-01-01,1955,1955
857,928,092151,栃木県,那須烏山市,city,22935,348,2026-01-01,562,562
858,924,473286,沖縄県,中頭郡中城村,village,22866,357,2026-01-01,2261,2261
859,1093,432121,熊本県,上天草市,city,22851,213,2026-01-01,2082,2082
860,1021,103454,群馬県,北群馬郡吉岡町,town,22833,271,2026-01-01,595,595
861,659,032140,岩手県,八幡平市,city,22802,726,2026-01-01,265,265
862,660,143847,神奈川県,足柄下郡湯河原町,town,22793,726,2026-01-01,901,901
863,1273,052060,秋田県,男鹿市,city,22728,122,2026-01-01,353,353
864,747,292087,奈良県,御所市,city,22678,584,2026-01-01,1574,1574
865,796,373877,香川県,綾歌郡綾川町,town,22675,507,2026-01-01,1854,1854
866,1199,045055,宮城県,遠田郡美里町,town,22530,154,2026-01-01,343,343
867,977,244422,三重県,多気郡明和町,town,22512,307,2026-01-01,1348,1348
868,1216,052159,秋田県,仙北市,city,22337,147,2026-01-01,361,361
869,941,293431,奈良県,生駒郡三郷町,town,22254,338,2026-01-01,1583,1583
870,1013,462241,鹿児島県,伊佐市,city,22197,279,2026-01-01,2200,2200
871,607,214043,岐阜県,揖斐郡池田町,town,22187,828,2026-01-01,1183,1183
872,835,342033,広島県,竹原市,city,22075,451,2026-01-01,1753,1753
873,907,016926,北海道,標津郡中標津町,town,22022,377,2026-01-01,195,195
874,605,012238,北海道,根室市,city,21918,829,2026-01-01,41,41
875,715,213039,岐阜県,羽島郡笠松町,town,21873,630,2026-01-01,1170,1170
876,656,124109,千葉県,山武郡横芝光町,town,21815,730,2026-01-01,759,759
877,518,203211,長野県,北佐久郡軽井沢町,town,21812,1083,2026-01-01,1082,1082
878,760,163422,富山県,下新川郡入善町,town,21769,555,2026-01-01,969,969
879,1074,052141,秋田県,にかほ市,city,21768,229,2026-01-01,360,360
880,973,362085,徳島県,三好市,city,21654,311,2026-01-01,1811,1811
881,453,374041,香川県,仲多度郡多度津町,town,21581,1367,2026-01-01,1857,1857
882,514,442097,大分県,豊後高田市,city,21553,1099,2026-01-01,2136,2136
883,606,193844,山梨県,中巨摩郡昭和町,town,21510,829,2026-01-01,1043,1043
884,988,212172,岐阜県,飛騨市,city,21295,300,2026-01-01,1163,1163
885,1136,432059,熊本県,水俣市,city,21142,189,2026-01-01,2077,2077
886,763,214035,岐阜県,揖斐郡大野町,town,21098,553,2026-01-01,1182,1182
887,932,093424,栃木県,芳賀郡益子町,town,20991,345,2026-01-01,567,567
888,1056,063819,山形県,東置賜郡高畠町,town,20921,237,2026-01-01,413,413
889,867,192066,山梨県,大月市,city,20897,418,2026-01-01,1026,1026
890,936,294241,奈良県,北葛城郡上牧町,town,20894,341,2026-01-01,1597,1597
891,335,085219,茨城県,結城郡八千代町,town,20882,2150,2026-01-01,543,543
892,470,254258,滋賀県,愛知郡愛荘町,town,20881,1289,2026-01-01,1378,1378
893,1077,062081,山形県,村山市,city,20825,226,2026-01-01,388,388
894,865,322075,島根県,江津市,city,20816,420,2026-01-01,1682,1682
895,744,192121,山梨県,上野原市,city,20763,586,2026-01-01,1032,1032
896,914,414255,佐賀県,杵島郡白石町,town,20722,369,2026-01-01,2038,2038
897,855,074616,福島県,西白河郡西郷村,village,20713,430,2026-01-01,467,467
898,843,182061,福井県,勝山市,city,20683,442,2026-01-01,1001,1001
899,926,302058,和歌山県,御坊市,city,20669,356,2026-01-01,1618,1618
900,984,406104,福岡県,田川郡福智町,town,20589,304,2026-01-01,2006,2006
901,1040,044458,宮城県,加美郡加美町,town,20549,252,2026-01-01,340,340
902,1416,393860,高知県,吾川郡いの町,town,20518,72,2026-01-01,1914,1914
903,1180,282227,兵庫県,養父市,city,20485,165,2026-01-01,1538,1538
904,527,253839,滋賀県,蒲生郡日野町,town,20421,1041,2026-01-01,1375,1375
905,970,352136,山口県,美祢市,city,20370,315,2026-01-01,1790,1790
906,730,234460,愛知県,知多郡美浜町,town,20265,608,2026-01-01,1315,1315
907,526,342157,広島県,江田島市,city,20181,1043,2026-01-01,1764,1764
908,857,422088,長崎県,松浦市,city,20052,425,2026-01-01,2048,2048
909,505,123226,千葉県,印旛郡酒々井町,town,20049,1140,2026-01-01,750,750
910,1227,384020,愛媛県,伊予郡砥部町,town,19977,143,2026-01-01,1877,1877
911,1084,473481,沖縄県,島尻郡与那原町,town,19859,222,2026-01-01,2264,2264
912,848,016101,北海道,日高郡新ひだか町,town,19788,439,2026-01-01,168,168
913,634,113417,埼玉県,比企郡滑川町,town,19771,773,2026-01-01,681,681
914,1268,172049,石川県,輪島市,city,19615,124,2026-01-01,975,975
915,708,123293,千葉県,印旛郡栄町,town,19475,643,2026-01-01,751,751
916,952,184233,福井県,丹生郡越前町,town,19446,332,2026-01-01,1013,1013
917,721,304018,和歌山県,西牟婁郡白浜町,town,19432,622,2026-01-01,1641,1641
918,617,012190,北海道,紋別市,city,19409,806,2026-01-01,37,37
919,608,012297,北海道,富良野市,city,19394,827,2026-01-01,47,47
920,1024,172073,石川県,羽咋市,city,19319,267,2026-01-01,978,978
921,756,405442,福岡県,八女郡広川町,town,19051,564,2026-01-01,1998,1998
922,1176,454010,宮崎県,児湯郡高鍋町,town,19038,168,2026-01-01,2167,2167
923,1228,264652,京都府,与謝郡与謝野町,town,18922,143,2026-01-01,1426,1426
924,937,403849,福岡県,遠賀郡遠賀町,town,18807,340,2026-01-01,1984,1984
925,736,392065,高知県,須崎市,city,18772,603,2026-01-01,1893,1893
926,851,222194,静岡県,下田市,city,18770,436,2026-01-01,1220,1220
927,1170,064289,山形県,東田川郡庄内町,town,18738,170,2026-01-01,421,421
928,641,212075,岐阜県,美濃市,city,18719,755,2026-01-01,1153,1153
929,657,214213,岐阜県,本巣郡北方町,town,18552,729,2026-01-01,1185,1185
930,1044,143669,神奈川県,足柄上郡開成町,town,18539,245,2026-01-01,897,897
931,779,113468,埼玉県,比企郡川島町,town,18466,535,2026-01-01,684,684
932,902,202134,長野県,飯山市,city,18446,381,2026-01-01,1067,1067
933,711,462047,鹿児島県,枕崎市,city,18442,639,2026-01-01,2185,2185
934,897,442089,大分県,竹田市,city,18423,388,2026-01-01,2135,2135
935,559,373869,香川県,綾歌郡宇多津町,town,18413,938,2026-01-01,1853,1853
936,727,284432,兵庫県,神崎郡福崎町,town,18373,609,2026-01-01,1555,1555
937,943,163228,富山県,中新川郡上市町,town,18315,336,2026-01-01,966,966
938,790,463922,鹿児島県,薩摩郡さつま町,town,18291,522,2026-01-01,2206,2206
939,900,214019,岐阜県,揖斐郡揖斐川町,town,18254,386,2026-01-01,1181,1181
940,1094,414018,佐賀県,西松浦郡有田町,town,18251,213,2026-01-01,2034,2034
941,795,283657,兵庫県,多可郡多可町,town,18225,508,2026-01-01,1549,1549
942,910,203611,長野県,諏訪郡下諏訪町,town,18105,371,2026-01-01,1089,1089
943,1154,385069,愛媛県,南宇和郡愛南町,town,18070,178,2026-01-01,1886,1886
944,1262,016616,北海道,釧路郡釧路町,town,18021,126,2026-01-01,187,187
945,750,213811,岐阜県,安八郡神戸町,town,18019,578,2026-01-01,1177,1177
946,1054,293423,奈良県,生駒郡平群町,town,18019,240,2026-01-01,1582,1582
947,1067,453820,宮崎県,東諸県郡国富町,town,18010,232,2026-01-01,2164,2164
948,1157,392081,高知県,宿毛市,city,17971,176,2026-01-01,1894,1894
949,826,473278,沖縄県,中頭郡北中城村,village,17957,467,2026-01-01,2260,2260
950,1260,012157,北海道,美唄市,city,17904,127,2026-01-01,33,33
951,1089,012289,北海道,深川市,city,17842,217,2026-01-01,46,46
952,1435,074471,福島県,大沼郡会津美里町,town,17825,65,2026-01-01,465,465
953,978,462063,鹿児島県,阿久根市,city,17802,306,2026-01-01,2186,2186
954,807,413411,佐賀県,三養基郡基山町,town,17693,492,2026-01-01,2028,2028
955,844,203823,長野県,上伊那郡辰野町,town,17681,442,2026-01-01,1093,1093
956,1073,012122,北海道,留萌市,city,17644,230,2026-01-01,30,30
957,1350,016373,北海道,河西郡芽室町,town,17573,92,2026-01-01,175,175
958,976,183229,福井県,吉田郡永平寺町,town,17503,308,2026-01-01,1007,1007
959,1182,273210,大阪府,豊能郡豊能町,town,17488,161,2026-01-01,1495,1495
960,195,014001,北海道,虻田郡倶知安町,town,17397,4279,2026-01-01,81,81
961,1097,406252,福岡県,京都郡みやこ町,town,17339,212,2026-01-01,2009,2009
962,1194,083101,茨城県,東茨城郡城里町,town,17337,155,2026-01-01,533,533
963,1078,434418,熊本県,上益城郡御船町,town,17320,226,2026-01-01,2105,2105
964,931,412040,佐賀県,多久市,city,17298,346,2026-01-01,2018,2018
965,1023,113476,埼玉県,比企郡吉見町,town,17298,268,2026-01-01,685,685
966,1140,044041,宮城県,宮城郡七ヶ浜町,town,17297,186,2026-01-01,332,332
967,1070,143626,神奈川県,足柄上郡大井町,town,17263,231,2026-01-01,894,894
968,591,215210,岐阜県,可児郡御嵩町,town,17255,859,2026-01-01,1195,1195
969,583,113425,埼玉県,比企郡嵐山町,town,17228,871,2026-01-01,682,682
970,1046,173843,石川県,羽咋郡志賀町,town,17140,244,2026-01-01,989,989
971,1148,015555,北海道,紋別郡遠軽町,town,17113,180,2026-01-01,148,148
972,1419,054348,秋田県,仙北郡美郷町,town,17087,71,2026-01-01,376,376
973,751,203238,長野県,北佐久郡御代田町,town,16863,578,2026-01-01,1083,1083
974,1049,015431,北海道,網走郡美幌町,town,16830,242,2026-01-01,140,140
975,1017,374067,香川県,仲多度郡まんのう町,town,16815,275,2026-01-01,1858,1858
976,1125,032107,岩手県,陸前高田市,city,16802,198,2026-01-01,262,262
977,1146,454214,宮崎県,東臼杵郡門川町,town,16799,183,2026-01-01,2174,2174
978,1018,014087,北海道,余市郡余市町,town,16676,275,2026-01-01,89,89
979,798,223441,静岡県,駿東郡小山町,town,16668,505,2026-01-01,1239,1239
980,737,224618,静岡県,周智郡森町,town,16660,602,2026-01-01,1244,1244
981,916,074667,福島県,西白河郡矢吹町,town,16652,366,2026-01-01,470,470
982,642,343692,広島県,山県郡北広島町,town,16648,754,2026-01-01,1772,1772
983,888,452092,宮崎県,えびの市,city,16641,394,2026-01-01,2158,2158
984,741,104493,群馬県,利根郡みなかみ町,town,16588,591,2026-01-01,614,614
985,1113,263036,京都府,乙訓郡大山崎町,town,16536,205,2026-01-01,1411,1411
986,962,063215,山形県,西村山郡河北町,town,16475,321,2026-01-01,398,398
987,1127,294276,奈良県,北葛城郡河合町,town,16373,195,2026-01-01,1600,1600
988,1057,454028,宮崎県,児湯郡新富町,town,16292,237,2026-01-01,2168,2168
989,1107,174076,石川県,鹿島郡中能登町,town,16258,208,2026-01-01,992,992
990,1090,424111,長崎県,南松浦郡新上五島町,town,16231,216,2026-01-01,2066,2066
991,921,413275,佐賀県,神埼郡吉野ヶ里町,town,16180,361,2026-01-01,2026,2026
992,681,405035,福岡県,三井郡大刀洗町,town,16170,693,2026-01-01,1994,1994
993,1324,313700,鳥取県,東伯郡湯梨浜町,town,16093,101,2026-01-01,1663,1663
994,1075,406473,福岡県,築上郡築上町,town,16071,227,2026-01-01,2013,2013
995,738,273414,大阪府,泉北郡忠岡町,town,16058,598,2026-01-01,1498,1498
996,719,242110,三重県,鳥羽市,city,16049,623,2026-01-01,1333,1333
997,870,203858,長野県,上伊那郡南箕輪村,village,16005,413,2026-01-01,1096,1096
998,1158,012203,北海道,士別市,city,16001,176,2026-01-01,38,38
999,692,233421,愛知県,西春日井郡豊山町,town,15971,673,2026-01-01,1303,1303
1000,1429,024457,青森県,三戸郡南部町,town,15919,68,2026-01-01,250,250
1001,599,243442,三重県,三重郡川越町,town,15853,851,2026-01-01,1345,1345
1002,1337,075213,福島県,田村郡三春町,town,15819,98,2026-01-01,483,483
1003,1162,133051,東京都,西多摩郡日の出町,town,15796,175,2026-01-01,824,824
1004,404,085642,茨城県,北相馬郡利根町,town,15735,1594,2026-01-01,548,548
1005,1014,024082,青森県,上北郡東北町,town,15671,279,2026-01-01,238,238
1006,1289,304042,和歌山県,西牟婁郡上富田町,town,15670,116,2026-01-01,1642,1642
1007,1037,262056,京都府,宮津市,city,15629,253,2026-01-01,1400,1400
1008,1172,452076,宮崎県,串間市,city,15530,169,2026-01-01,2156,2156
1009,874,294420,奈良県,吉野郡大淀町,town,15478,410,2026-01-01,1603,1603
1010,986,313718,鳥取県,東伯郡琴浦町,town,15421,301,2026-01-01,1664,1664
1011,1002,093459,栃木県,芳賀郡芳賀町,town,15237,292,2026-01-01,570,570
1012,496,083097,茨城県,東茨城郡大洗町,town,15222,1165,2026-01-01,532,532
1013,1173,392031,高知県,安芸市,city,15193,169,2026-01-01,1890,1890
1014,697,234451,愛知県,知多郡南知多町,town,15185,669,2026-01-01,1314,1314
1015,1475,313297,鳥取県,八頭郡八頭町,town,15178,56,2026-01-01,1660,1660
1016,577,433683,熊本県,玉名郡長洲町,town,15089,900,2026-01-01,2092,2092
1017,474,263222,京都府,久世郡久御山町,town,15078,1262,2026-01-01,1413,1413
1018,955,033812,岩手県,胆沢郡金ケ崎町,town,15068,327,2026-01-01,278,278
1019,1238,303411,和歌山県,伊都郡かつらぎ町,town,15063,137,2026-01-01,1626,1626
1020,971,242098,三重県,尾鷲市,city,15041,315,2026-01-01,1331,1331
1021,1397,012262,北海道,砂川市,city,15015,78,2026-01-01,44,44
1022,1296,024422,青森県,三戸郡五戸町,town,14977,113,2026-01-01,248,248
1023,1020,013030,北海道,石狩郡当別町,town,14974,273,2026-01-01,54,54
1024,1087,244619,三重県,度会郡玉城町,town,14914,219,2026-01-01,1351,1351
1025,1098,285854,兵庫県,美方郡香美町,town,14852,212,2026-01-01,1564,1564
1026,1068,122181,千葉県,勝浦市,city,14820,232,2026-01-01,727,727
1027,837,015784,北海道,白老郡白老町,town,14713,449,2026-01-01,157,157
1028,1490,033014,岩手県,岩手郡雫石町,town,14679,52,2026-01-01,269,269
1029,958,404021,福岡県,鞍手郡鞍手町,town,14591,326,2026-01-01,1987,1987
1030,1370,442071,大分県,津久見市,city,14589,86,2026-01-01,2134,2134
1031,1095,242128,三重県,熊野市,city,14588,213,2026-01-01,1334,1334
1032,948,103446,群馬県,北群馬郡榛東村,village,14535,333,2026-01-01,594,594
1033,1356,434825,熊本県,葦北郡芦北町,town,14533,90,2026-01-01,2113,2113
1034,1283,394122,高知県,高岡郡四万十町,town,14530,119,2026-01-01,1923,1923
1035,1183,406058,福岡県,田川郡川崎町,town,14499,161,2026-01-01,2003,2003
1036,1195,313866,鳥取県,西伯郡大山町,town,14483,155,2026-01-01,1668,1668
1037,696,213837,岐阜県,安八郡安八町,town,14395,671,2026-01-01,1179,1179
1038,1338,384224,愛媛県,喜多郡内子町,town,14394,98,2026-01-01,1879,1879
1039,1377,035076,岩手県,九戸郡洋野町,town,14343,85,2026-01-01,294,294
1040,945,285013,兵庫県,佐用郡佐用町,town,14340,335,2026-01-01,1562,1562
1041,846,454052,宮崎県,児湯郡川南町,town,14306,441,2026-01-01,2171,2171
1042,1141,273821,大阪府,南河内郡河南町,town,14280,186,2026-01-01,1505,1505
1043,933,193461,山梨県,西八代郡市川三郷町,town,14213,345,2026-01-01,1036,1036
1044,1045,364011,徳島県,板野郡松茂町,town,14197,245,2026-01-01,1827,1827
1045,799,013463,北海道,二海郡八雲町,town,14178,505,2026-01-01,63,63
1046,831,344621,広島県,世羅郡世羅町,town,14161,457,2026-01-01,1776,1776
1047,1440,075477,福島県,双葉郡浪江町,town,14106,64,2026-01-01,492,492
1048,1550,023612,青森県,南津軽郡藤崎町,town,14091,36,2026-01-01,226,226
1049,861,104213,群馬県,吾妻郡中之条町,town,14049,423,2026-01-01,604,604
1050,1249,083640,茨城県,久慈郡大子町,town,14047,131,2026-01-01,537,537
1051,938,273660,大阪府,泉南郡岬町,town,14040,340,2026-01-01,1502,1502
1052,1331,423238,長崎県,東彼杵郡波佐見町,town,14025,100,2026-01-01,2061,2061
1053,927,153079,新潟県,北蒲原郡聖籠町,town,14018,352,2026-01-01,935,935
1054,852,203629,長野県,諏訪郡富士見町,town,13976,435,2026-01-01,1090,1090
1055,1357,045012,宮城県,遠田郡涌谷町,town,13957,90,2026-01-01,342,342
1056,1240,313726,鳥取県,東伯郡北栄町,town,13946,136,2026-01-01,1665,1665
1057,1229,074217,福島県,河沼郡会津坂下町,town,13902,143,2026-01-01,458,458
1058,724,084425,茨城県,稲敷郡美浦村,village,13897,618,2026-01-01,539,539
1059,1353,353434,山口県,熊毛郡田布施町,town,13838,91,2026-01-01,1799,1799
1060,1332,423912,長崎県,北松浦郡佐々町,town,13831,100,2026-01-01,2064,2064
1061,1132,094111,栃木県,那須郡那珂川町,town,13823,193,2026-01-01,579,579
1062,1200,462136,鹿児島県,西之表市,city,13823,154,2026-01-01,2189,2189
1063,1204,174637,石川県,鳳珠郡能登町,town,13755,153,2026-01-01,995,995
1064,712,016918,北海道,野付郡別海町,town,13748,638,2026-01-01,194,194
1065,1361,053481,秋田県,山本郡三種町,town,13743,89,2026-01-01,368,368
1066,1053,435147,熊本県,球磨郡あさぎり町,town,13742,241,2026-01-01,2124,2124
1067,995,193682,山梨県,南巨摩郡富士川町,town,13720,296,2026-01-01,1041,1041
1068,1220,024023,青森県,上北郡七戸町,town,13673,146,2026-01-01,235,235
1069,850,124036,千葉県,山武郡九十九里町,town,13644,437,2026-01-01,757,757
1070,749,205214,長野県,埴科郡坂城町,town,13588,580,2026-01-01,1132,1132
1071,1036,405221,福岡県,三潴郡大木町,town,13549,255,2026-01-01,1996,1996
1072,1348,034827,岩手県,下閉伊郡山田町,town,13508,94,2026-01-01,286,286
1073,1313,304280,和歌山県,東牟婁郡串本町,town,13477,104,2026-01-01,1649,1649
1074,1201,444626,大分県,玖珠郡玖珠町,town,13454,154,2026-01-01,2148,2148
1075,1100,244414,三重県,多気郡多気町,town,13429,211,2026-01-01,1347,1347
1076,804,245437,三重県,北牟婁郡紀北町,town,13415,495,2026-01-01,1356,1356
1077,1217,075019,福島県,石川郡石川町,town,13367,147,2026-01-01,477,477
1078,621,105210,群馬県,邑楽郡板倉町,town,13320,799,2026-01-01,618,618
1079,1004,284815,兵庫県,赤穂郡上郡町,town,13317,291,2026-01-01,1560,1560
1080,731,013455,北海道,茅部郡森町,town,13268,607,2026-01-01,62,62
1081,1233,464929,鹿児島県,肝属郡肝付町,town,13224,140,2026-01-01,2217,2217
1082,1038,304212,和歌山県,東牟婁郡那智勝浦町,town,13222,253,2026-01-01,1645,1645
1083,1261,353051,山口県,大島郡周防大島町,town,13171,127,2026-01-01,1794,1794
1084,1436,063011,山形県,東村山郡山辺町,town,13120,65,2026-01-01,395,395
1085,1247,062120,山形県,尾花沢市,city,13118,132,2026-01-01,392,392
1086,710,123471,千葉県,香取郡多古町,town,13106,640,2026-01-01,754,754
1087,1209,124231,千葉県,長生郡長生村,village,13104,150,2026-01-01,763,763
1088,1215,185019,福井県,三方上中郡若狭町,town,13103,148,2026-01-01,1020,1020
1089,1380,063827,山形県,東置賜郡川西町,town,13016,84,2026-01-01,414,414
1090,1319,073687,福島県,南会津郡南会津町,town,12996,103,2026-01-01,451,451
1091,1167,473251,沖縄県,中頭郡嘉手納町,town,12951,172,2026-01-01,2258,2258
1092,1187,364894,徳島県,三好郡東みよし町,town,12916,159,2026-01-01,1835,1835
1093,979,473081,沖縄県,国頭郡本部町,town,12877,306,2026-01-01,2251,2251
1094,869,334618,岡山県,小田郡矢掛町,town,12848,415,2026-01-01,1727,1727
1095,1050,373249,香川県,小豆郡小豆島町,town,12814,242,2026-01-01,1847,1847
1096,1322,325287,島根県,隠岐郡隠岐の島町,town,12788,102,2026-01-01,1699,1699
1097,1239,054631,秋田県,雄勝郡羽後町,town,12766,137,2026-01-01,378,378
1098,1297,334235,岡山県,都窪郡早島町,town,12742,113,2026-01-01,1723,1723
1099,1064,364045,徳島県,板野郡板野町,town,12684,235,2026-01-01,1830,1830
1100,1275,044016,宮城県,宮城郡松島町,town,12677,121,2026-01-01,331,331
1101,758,462144,鹿児島県,垂水市,city,12672,556,2026-01-01,2190,2190
1102,1047,404217,福岡県,嘉穂郡桂川町,town,12669,244,2026-01-01,1989,1989
1103,895,333468,岡山県,和気郡和気町,town,12648,392,2026-01-01,1721,1721
1104,653,113832,埼玉県,児玉郡神川町,town,12643,738,2026-01-01,696,696
1105,1351,423220,長崎県,東彼杵郡川棚町,town,12642,92,2026-01-01,2060,2060
1106,1163,273813,大阪府,南河内郡太子町,town,12581,175,2026-01-01,1504,1504
1107,987,204030,長野県,下伊那郡高森町,town,12520,301,2026-01-01,1101,1101
1108,1164,113484,埼玉県,比企郡鳩山町,town,12510,174,2026-01-01,686,686
1109,1192,403814,福岡県,遠賀郡芦屋町,town,12486,156,2026-01-01,1981,1981
1110,1118,434477,熊本県,上益城郡山都町,town,12479,201,2026-01-01,2109,2109
1111,1079,285862,兵庫県,美方郡新温泉町,town,12477,226,2026-01-01,1565,1565
1112,1122,074811,福島県,東白川郡棚倉町,town,12464,200,2026-01-01,472,472
1113,953,124214,千葉県,長生郡一宮町,town,12381,332,2026-01-01,761,761
1114,980,103845,群馬県,甘楽郡甘楽町,town,12354,305,2026-01-01,602,602
1115,1242,073423,福島県,岩瀬郡鏡石町,town,12347,135,2026-01-01,445,445
1116,1371,024465,青森県,三戸郡階上町,town,12345,86,2026-01-01,251,251
1117,849,123498,千葉県,香取郡東庄町,town,12343,438,2026-01-01,755,755
1118,1051,343099,広島県,安芸郡坂町,town,12329,242,2026-01-01,1769,1769
1119,1123,336661,岡山県,久米郡美咲町,town,12315,199,2026-01-01,1739,1739
1120,1071,204021,長野県,下伊那郡松川町,town,12307,231,2026-01-01,1100,1100
1121,1284,074080,福島県,耶麻郡猪苗代町,town,12215,118,2026-01-01,456,456
1122,981,264075,京都府,船井郡京丹波町,town,12101,305,2026-01-01,1423,1423
1123,1181,373222,香川県,小豆郡土庄町,town,12093,163,2026-01-01,1846,1846
1124,1117,064025,山形県,西置賜郡白鷹町,town,12024,202,2026-01-01,417,417
1125,1469,023817,青森県,北津軽郡板柳町,town,11955,57,2026-01-01,230,230
1126,1130,336068,岡山県,苫田郡鏡野町,town,11903,194,2026-01-01,1731,1731
1127,1409,064611,山形県,飽海郡遊佐町,town,11818,74,2026-01-01,423,423
1128,716,464686,鹿児島県,曽於郡大崎町,town,11775,630,2026-01-01,2212,2212
1129,918,104299,群馬県,吾妻郡東吾妻町,town,11747,363,2026-01-01,609,609
1130,1033,173860,石川県,羽咋郡宝達志水町,town,11637,256,2026-01-01,990,990
1131,1069,024015,青森県,上北郡野辺地町,town,11539,232,2026-01-01,234,234
1132,1325,394025,高知県,高岡郡佐川町,town,11524,101,2026-01-01,1918,1918
1133,1048,473146,沖縄県,国頭郡金武町,town,11512,243,2026-01-01,2254,2254
1134,1149,303917,和歌山県,日高郡みなべ町,town,11326,180,2026-01-01,1638,1638
1135,1196,043621,宮城県,亘理郡山元町,town,11275,155,2026-01-01,329,329
1136,1159,043419,宮城県,伊具郡丸森町,town,11274,176,2026-01-01,326,326
1137,428,473111,沖縄県,国頭郡恩納村,village,11233,1464,2026-01-01,2252,2252
1138,1572,023841,青森県,北津軽郡鶴田町,town,11228,31,2026-01-01,231,231
1139,1096,046060,宮城県,本吉郡南三陸町,town,11195,213,2026-01-01,347,347
1140,1202,033031,岩手県,岩手郡岩手町,town,11192,154,2026-01-01,271,271
1141,1230,392090,高知県,土佐清水市,city,11190,143,2026-01-01,1895,1895
1142,1160,073083,福島県,伊達郡川俣町,town,11154,176,2026-01-01,441,441
1143,1218,465054,鹿児島県,熊毛郡屋久島町,town,11131,147,2026-01-01,2221,2221
1144,752,205613,長野県,下高井郡山ノ内町,town,11114,576,2026-01-01,1137,1137
1145,1065,243434,三重県,三重郡朝日町,town,11091,234,2026-01-01,1344,1344
1146,1246,093432,栃木県,芳賀郡茂木町,town,11085,133,2026-01-01,568,568
1147,1019,253847,滋賀県,蒲生郡竜王町,town,11074,274,2026-01-01,1376,1376
1148,1119,075434,福島県,双葉郡富岡町,town,11049,201,2026-01-01,488,488
1149,725,016071,北海道,浦河郡浦河町,town,11028,618,2026-01-01,165,165
1150,1105,364053,徳島県,板野郡上板町,town,11007,209,2026-01-01,1831,1831
1151,1012,093441,栃木県,芳賀郡市貝町,town,10877,280,2026-01-01,569,569
1152,1288,392022,高知県,室戸市,city,10876,117,2026-01-01,1889,1889
1153,762,223018,静岡県,賀茂郡東伊豆町,town,10866,554,2026-01-01,1229,1229
1154,1437,012165,北海道,芦別市,city,10859,65,2026-01-01,34,34
1155,1333,205419,長野県,上高井郡小布施町,town,10849,99,2026-01-01,1134,1134
1156,1467,073016,福島県,伊達郡桑折町,town,10802,58,2026-01-01,439,439
1157,713,016012,北海道,沙流郡日高町,town,10767,637,2026-01-01,162,162
1158,1161,323438,島根県,仁多郡奥出雲町,town,10762,176,2026-01-01,1685,1685
1159,690,105236,群馬県,邑楽郡千代田町,town,10752,676,2026-01-01,620,620
1160,447,143821,神奈川県,足柄下郡箱根町,town,10719,1387,2026-01-01,899,899
1161,1165,334456,岡山県,浅口郡里庄町,town,10719,174,2026-01-01,1725,1725
1162,1138,043010,宮城県,刈田郡蔵王町,town,10698,187,2026-01-01,318,318
1163,839,105228,群馬県,邑楽郡明和町,town,10648,446,2026-01-01,619,619
1164,1155,014028,北海道,岩内郡岩内町,town,10644,177,2026-01-01,83,83
1165,1214,336220,岡山県,勝田郡勝央町,town,10625,149,2026-01-01,1733,1733
1166,1042,113816,埼玉県,児玉郡美里町,town,10571,249,2026-01-01,695,695
1167,1184,353442,山口県,熊毛郡平生町,town,10547,161,2026-01-01,1800,1800
1168,1178,313025,鳥取県,岩美郡岩美町,town,10543,166,2026-01-01,1656,1656
1169,1402,454419,宮崎県,西臼杵郡高千穂町,town,10528,77,2026-01-01,2179,2179
1170,1398,303615,和歌山県,有田郡湯浅町,town,10527,78,2026-01-01,1630,1630
1171,1120,113271,埼玉県,入間郡越生町,town,10516,201,2026-01-01,679,679
1172,1341,014290,北海道,夕張郡栗山町,town,10498,97,2026-01-01,96,96
1173,1005,434680,熊本県,八代郡氷川町,town,10496,288,2026-01-01,2111,2111
1174,1188,284424,兵庫県,神崎郡市川町,town,10463,159,2026-01-01,1554,1554
1175,1364,172057,石川県,珠洲市,city,10420,88,2026-01-01,976,976
1176,1101,024058,青森県,上北郡六戸町,town,10419,211,2026-01-01,236,236
1177,1491,153613,新潟県,南蒲原郡田上町,town,10398,52,2026-01-01,939,939
1178,1110,143634,神奈川県,足柄上郡松田町,town,10392,206,2026-01-01,895,895
1179,1131,434426,熊本県,上益城郡嘉島町,town,10388,194,2026-01-01,2106,2106
1180,1134,035246,岩手県,二戸郡一戸町,town,10311,190,2026-01-01,296,296
1181,1314,063029,山形県,東村山郡中山町,town,10269,104,2026-01-01,396,396
1182,909,015458,北海道,斜里郡斜里町,town,10264,372,2026-01-01,142,142
1183,1028,124249,千葉県,長生郡白子町,town,10246,263,2026-01-01,764,764
1184,1383,034614,岩手県,上閉伊郡大槌町,town,10213,83,2026-01-01,284,284
1185,1494,205907,長野県,上水内郡飯綱町,town,10131,51,2026-01-01,1143,1143
1186,1285,244724,三重県,度会郡南伊勢町,town,10125,118,2026-01-01,1354,1354
1187,1025,113492,埼玉県,比企郡ときがわ町,town,10102,267,2026-01-01,687,687
1188,1367,313904,鳥取県,西伯郡伯耆町,town,10080,87,2026-01-01,1670,1670
1189,1210,163431,富山県,下新川郡朝日町,town,10056,150,2026-01-01,970,970
1190,1358,203092,長野県,南佐久郡佐久穂町,town,10040,90,2026-01-01,1080,1080
1191,940,336815,岡山県,加賀郡吉備中央町,town,10014,339,2026-01-01,1741,1741
1192,1226,435015,熊本県,球磨郡錦町,town,9979,144,2026-01-01,2116,2116
1193,1150,245623,三重県,南牟婁郡紀宝町,town,9974,180,2026-01-01,1359,1359
1194,1135,413453,佐賀県,三養基郡上峰町,town,9945,190,2026-01-01,2029,2029
1195,1235,284467,兵庫県,神崎郡神河町,town,9926,138,2026-01-01,1556,1556
1196,1091,434337,熊本県,阿蘇郡南阿蘇村,village,9895,215,2026-01-01,2103,2103
1197,1320,313891,鳥取県,西伯郡南部町,town,9882,103,2026-01-01,1669,1669
1198,1254,454061,宮崎県,児湯郡都農町,town,9844,130,2026-01-01,2172,2172
1199,1190,113654,埼玉県,秩父郡小鹿野町,town,9810,158,2026-01-01,692,692
1200,1388,406015,福岡県,田川郡香春町,town,9808,81,2026-01-01,2000,2000
1201,1482,075451,福島県,双葉郡大熊町,town,9803,55,2026-01-01,490,490
1202,1399,014281,北海道,夕張郡長沼町,town,9757,78,2026-01-01,95,95
1203,322,204854,長野県,北安曇郡白馬村,village,9751,2217,2026-01-01,1129,1129
1204,1205,434442,熊本県,上益城郡甲佐町,town,9743,152,2026-01-01,2108,2108
1205,911,215031,岐阜県,加茂郡川辺町,town,9704,371,2026-01-01,1189,1189
1206,1128,215058,岐阜県,加茂郡八百津町,town,9692,195,2026-01-01,1191,1191
1207,1378,043222,宮城県,柴田郡村田町,town,9663,85,2026-01-01,322,322
1208,1391,014532,北海道,上川郡東神楽町,town,9660,80,2026-01-01,106,106
1209,1156,204820,長野県,北安曇郡松川村,village,9659,177,2026-01-01,1128,1128
1210,908,194247,山梨県,南都留郡忍野村,village,9653,375,2026-01-01,1047,1047
1211,1308,394289,高知県,幡多郡黒潮町,town,9652,108,2026-01-01,1927,1927
1212,1410,465305,鹿児島県,大島郡徳之島町,town,9617,74,2026-01-01,2228,2228
1213,1191,204323,長野県,木曽郡木曽町,town,9613,158,2026-01-01,1119,1119
1214,1221,024112,青森県,上北郡六ヶ所村,village,9559,146,2026-01-01,239,239
1215,1303,414247,佐賀県,杵島郡江北町,town,9535,110,2026-01-01,2037,2037
1216,1417,023019,青森県,東津軽郡平内町,town,9506,72,2026-01-01,216,216
1217,1342,093840,栃木県,塩谷郡塩谷町,town,9505,97,2026-01-01,575,575
1218,1189,014605,北海道,空知郡上富良野町,town,9484,159,2026-01-01,113,113
1219,1144,184811,福井県,大飯郡高浜町,town,9391,184,2026-01-01,1017,1017
1220,1114,193658,山梨県,南巨摩郡身延町,town,9356,205,2026-01-01,1039,1039
1221,982,403482,福岡県,糟屋郡久山町,town,9354,305,2026-01-01,1978,1978
1222,1292,324493,島根県,邑智郡邑南町,town,9305,115,2026-01-01,1691,1691
1223,1293,184047,福井県,南条郡南越前町,town,9238,115,2026-01-01,1011,1011
1224,1298,464040,鹿児島県,出水郡長島町,town,9150,113,2026-01-01,2208,2208
1225,1099,014591,北海道,上川郡美瑛町,town,9143,212,2026-01-01,112,112
1226,1271,473065,沖縄県,国頭郡今帰仁村,village,9126,123,2026-01-01,2250,2250
1227,1392,023876,青森県,北津軽郡中泊町,town,9112,79,2026-01-01,232,232
1228,1206,143642,神奈川県,足柄上郡山北町,town,9105,151,2026-01-01,896,896
1229,1304,204811,長野県,北安曇郡池田町,town,9006,110,2026-01-01,1127,1127
1230,767,213829,岐阜県,安八郡輪之内町,town,8995,549,2026-01-01,1178,1178
1231,892,104256,群馬県,吾妻郡嬬恋村,village,8958,393,2026-01-01,606,606
1232,1312,384887,愛媛県,北宇和郡鬼北町,town,8923,105,2026-01-01,1884,1884
1233,1255,433691,熊本県,玉名郡和水町,town,8866,129,2026-01-01,2093,2093
1234,824,143618,神奈川県,足柄上郡中井町,town,8803,470,2026-01-01,893,893
1235,1551,073229,福島県,安達郡大玉村,village,8782,36,2026-01-01,443,443
1236,956,203840,長野県,上伊那郡飯島町,town,8767,327,2026-01-01,1095,1095
1237,1412,303925,和歌山県,日高郡日高川町,town,8763,73,2026-01-01,1639,1639
1238,1295,273228,大阪府,豊能郡能勢町,town,8756,114,2026-01-01,1496,1496
1239,832,203882,長野県,上伊那郡宮田村,village,8732,455,2026-01-01,1098,1098
1240,1496,153851,新潟県,東蒲原郡阿賀町,town,8719,50,2026-01-01,941,941
1241,1269,113620,埼玉県,秩父郡皆野町,town,8708,124,2026-01-01,690,690
1242,753,014583,北海道,上川郡東川町,town,8695,576,2026-01-01,111,111
1243,934,016365,北海道,上川郡清水町,town,8630,344,2026-01-01,174,174
1244,1106,075221,福島県,田村郡小野町,town,8615,209,2026-01-01,484,484
1245,776,263443,京都府,綴喜郡宇治田原町,town,8570,538,2026-01-01,1416,1416
1246,1349,024414,青森県,三戸郡三戸町,town,8561,93,2026-01-01,247,247
1247,1381,184420,福井県,三方郡美浜町,town,8537,84,2026-01-01,1015,1015
1248,1006,433675,熊本県,玉名郡南関町,town,8448,288,2026-01-01,2091,2091
1249,1111,204501,長野県,東筑摩郡山形村,village,8421,206,2026-01-01,1123,1123
1250,972,273627,大阪府,泉南郡田尻町,town,8386,312,2026-01-01,1501,1501
1251,1276,433489,熊本県,下益城郡美里町,town,8368,121,2026-01-01,2088,2088
1252,571,154610,新潟県,南魚沼郡湯沢町,town,8304,916,2026-01-01,945,945
1253,1500,023213,青森県,西津軽郡鰺ヶ沢町,town,8250,49,2026-01-01,221,221
1254,1179,154822,新潟県,中魚沼郡津南町,town,8241,166,2026-01-01,947,947
1255,655,215015,岐阜県,加茂郡坂祝町,town,8231,732,2026-01-01,1187,1187
1256,1372,453617,宮崎県,西諸県郡高原町,town,8224,86,2026-01-01,2162,2162
1257,1305,014231,北海道,空知郡南幌町,town,8181,109,2026-01-01,91,91
1258,1245,012181,北海道,赤平市,city,8150,134,2026-01-01,36,36
1259,1389,435058,熊本県,球磨郡多良木町,town,8134,81,2026-01-01,2117,2117
1260,1299,406040,福岡県,田川郡糸田町,town,8120,113,2026-01-01,2002,2002
1261,1263,464520,鹿児島県,姶良郡湧水町,town,8114,126,2026-01-01,2210,2210
1262,1529,406023,福岡県,田川郡添田町,town,8086,40,2026-01-01,2001,2001
1263,1166,444618,大分県,玖珠郡九重町,town,8066,174,2026-01-01,2147,2147
1264,1168,244431,三重県,多気郡大台町,town,8057,171,2026-01-01,1349,1349
1265,1112,203637,長野県,諏訪郡原村,village,8045,206,2026-01-01,1091,1091
1266,1711,023621,青森県,南津軽郡大鰐町,town,8009,6,2026-01-01,227,227
1267,957,374032,香川県,仲多度郡琴平町,town,7989,327,2026-01-01,1856,1856
1268,1061,016624,北海道,厚岸郡厚岸町,town,7976,236,2026-01-01,188,188
1269,1058,363880,徳島県,海部郡海陽町,town,7965,237,2026-01-01,1825,1825
1270,1142,293610,奈良県,磯城郡川西町,town,7956,186,2026-01-01,1587,1587
1271,1427,073032,福島県,伊達郡国見町,town,7935,69,2026-01-01,440,440
1272,1586,303828,和歌山県,日高郡日高町,town,7916,27,2026-01-01,1635,1635
1273,1530,465259,鹿児島県,大島郡瀬戸内町,town,7909,40,2026-01-01,2225,2225
1274,1264,124419,千葉県,夷隅郡大多喜町,town,7810,126,2026-01-01,768,768
1275,935,015598,北海道,紋別郡湧別町,town,7783,343,2026-01-01,149,149
1276,884,085421,茨城県,猿島郡五霞町,town,7770,397,2026-01-01,545,545
1277,959,015849,北海道,虻田郡洞爺湖町,town,7743,325,2026-01-01,159,159
1278,1243,043249,宮城県,柴田郡川崎町,town,7743,135,2026-01-01,324,324
1279,1290,414417,佐賀県,藤津郡太良町,town,7683,116,2026-01-01,2040,2040
1280,1393,035017,岩手県,九戸郡軽米町,town,7668,79,2026-01-01,291,291
1281,1400,034835,岩手県,下閉伊郡岩泉町,town,7625,78,2026-01-01,287,287
1282,1234,074837,福島県,東白川郡塙町,town,7623,140,2026-01-01,474,474
1283,1446,245615,三重県,南牟婁郡御浜町,town,7621,63,2026-01-01,1358,1358
1284,1088,084476,茨城県,稲敷郡河内町,town,7612,219,2026-01-01,541,541
1285,1306,184837,福井県,大飯郡おおい町,town,7600,109,2026-01-01,1018,1018
1286,1222,345458,広島県,神石郡神石高原町,town,7569,146,2026-01-01,1778,1778
1287,1682,053619,秋田県,南秋田郡五城目町,town,7566,11,2026-01-01,371,371
1288,1418,303046,和歌山県,海草郡紀美野町,town,7506,72,2026-01-01,1624,1624
1289,1373,113611,埼玉県,秩父郡横瀬町,town,7502,86,2026-01-01,689,689
1290,1302,384429,愛媛県,西宇和郡伊方町,town,7496,111,2026-01-01,1881,1881
1291,1326,303909,和歌山県,日高郡印南町,town,7493,101,2026-01-01,1637,1637
1292,1108,205834,長野県,上水内郡信濃町,town,7402,208,2026-01-01,1141,1141
1293,1476,153427,新潟県,西蒲原郡弥彦村,village,7401,56,2026-01-01,937,937
1294,1406,244708,三重県,度会郡度会町,town,7395,76,2026-01-01,1352,1352
1295,1143,044229,宮城県,黒川郡大郷町,town,7328,186,2026-01-01,336,336
1296,1394,075612,福島県,相馬郡新地町,town,7318,79,2026-01-01,495,495
1297,1311,423211,長崎県,東彼杵郡東彼杵町,town,7254,106,2026-01-01,2059,2059
1298,1420,254436,滋賀県,犬上郡多賀町,town,7242,71,2026-01-01,1382,1382
1299,1115,015857,北海道,勇払郡安平町,town,7234,204,2026-01-01,160,160
1300,1403,223042,静岡県,賀茂郡南伊豆町,town,7161,77,2026-01-01,1231,1231
1301,1265,063622,山形県,最上郡最上町,town,7153,125,2026-01-01,406,406
1302,1463,364681,徳島県,美馬郡つるぎ町,town,7138,59,2026-01-01,1833,1833
1303,1689,023671,青森県,南津軽郡田舎館村,village,7131,10,2026-01-01,228,228
1304,1081,434329,熊本県,阿蘇郡西原村,village,7114,225,2026-01-01,2102,2102
1305,1043,015865,北海道,勇払郡むかわ町,town,7091,246,2026-01-01,161,161
1306,1449,406465,福岡県,築上郡上毛町,town,7077,62,2026-01-01,2012,2012
1307,1015,254410,滋賀県,犬上郡豊郷町,town,7053,279,2026-01-01,1380,1380
1308,1438,465011,鹿児島県,熊毛郡中種子町,town,7015,65,2026-01-01,2219,2219
1309,991,015148,北海道,枝幸郡枝幸町,town,7012,297,2026-01-01,134,134
1310,1250,244716,三重県,度会郡大紀町,town,7008,131,2026-01-01,1353,1353
1311,1470,012220,北海道,三笠市,city,6989,57,2026-01-01,40,40
1312,1359,473618,沖縄県,島尻郡久米島町,town,6945,90,2026-01-01,2274,2274
1313,1516,064262,山形県,東田川郡三川町,town,6944,44,2026-01-01,420,420
1314,1339,124273,千葉県,長生郡長南町,town,6894,98,2026-01-01,766,766
1315,886,293458,奈良県,生駒郡安堵町,town,6890,396,2026-01-01,1585,1585
1316,665,104485,群馬県,利根郡昭和村,village,6881,721,2026-01-01,613,613
1317,1248,063240,山形県,西村山郡大江町,town,6874,132,2026-01-01,401,401
1318,989,263435,京都府,綴喜郡井手町,town,6841,300,2026-01-01,1415,1415
1319,1137,016683,北海道,白糠郡白糠町,town,6840,189,2026-01-01,193,193
1320,1039,404012,福岡県,鞍手郡小竹町,town,6798,253,2026-01-01,1986,1986
1321,1519,363685,徳島県,那賀郡那賀町,town,6797,43,2026-01-01,1821,1821
1322,1368,124435,千葉県,夷隅郡御宿町,town,6735,87,2026-01-01,769,769
1323,1501,453838,宮崎県,東諸県郡綾町,town,6730,49,2026-01-01,2165,2165
1324,1224,215066,岐阜県,加茂郡白川町,town,6707,145,2026-01-01,1192,1192
1325,1171,016641,北海道,川上郡標茶町,town,6698,170,2026-01-01,190,190
1326,1542,383864,愛媛県,上浮穴郡久万高原町,town,6693,37,2026-01-01,1874,1874
1327,1277,134015,東京都,八丈町,town,6652,121,2026-01-01,834,834
1328,1231,174611,石川県,鳳珠郡穴水町,town,6646,143,2026-01-01,994,994
1329,925,344311,広島県,豊田郡大崎上島町,town,6636,357,2026-01-01,1774,1774
1330,1280,473138,沖縄県,国頭郡宜野座村,village,6616,120,2026-01-01,2253,2253
1331,1424,193666,山梨県,南巨摩郡南部町,town,6593,70,2026-01-01,1040,1040
1332,889,124095,千葉県,山武郡芝山町,town,6590,394,2026-01-01,758,758
1333,1211,133612,東京都,大島町,town,6589,150,2026-01-01,828,828
1334,1569,023230,青森県,西津軽郡深浦町,town,6584,32,2026-01-01,222,222
1335,1186,203246,長野県,北佐久郡立科町,town,6565,160,2026-01-01,1084,1084
1336,1236,124630,千葉県,安房郡鋸南町,town,6540,138,2026-01-01,771,771
1337,1483,034029,岩手県,西磐井郡平泉町,town,6539,54,2026-01-01,280,280
1338,1310,406422,福岡県,築上郡吉富町,town,6467,107,2026-01-01,2011,2011
1339,1404,124222,千葉県,長生郡睦沢町,town,6462,77,2026-01-01,762,762
1340,1223,204161,長野県,下伊那郡豊丘村,village,6456,146,2026-01-01,1111,1111
1341,1360,013714,北海道,久遠郡せたな町,town,6453,90,2026-01-01,71,71
1342,1587,014524,北海道,上川郡鷹栖町,town,6414,27,2026-01-01,105,105
1343,1185,223069,静岡県,賀茂郡西伊豆町,town,6407,161,2026-01-01,1233,1233
1344,1531,013617,北海道,檜山郡江差町,town,6399,40,2026-01-01,65,65
1345,1225,293628,奈良県,磯城郡三宅町,town,6377,145,2026-01-01,1588,1588
1346,1327,205435,長野県,上高井郡高山村,village,6374,101,2026-01-01,1135,1135
1347,1369,143839,神奈川県,足柄下郡真鶴町,town,6373,87,2026-01-01,900,900
1348,1278,016659,北海道,川上郡弟子屈町,town,6327,121,2026-01-01,191,191
1349,1384,303623,和歌山県,有田郡広川町,town,6302,83,2026-01-01,1631,1631
1350,1286,254428,滋賀県,犬上郡甲良町,town,6297,118,2026-01-01,1381,1381
1351,1543,063649,山形県,最上郡真室川町,town,6287,37,2026-01-01,408,408
1352,1055,464821,鹿児島県,肝属郡東串良町,town,6285,239,2026-01-01,2214,2214
1353,1471,015644,北海道,網走郡大空町,town,6279,57,2026-01-01,154,154
1354,1174,075426,福島県,双葉郡楢葉町,town,6274,169,2026-01-01,487,487
1355,1484,064017,山形県,西置賜郡小国町,town,6244,54,2026-01-01,416,416
1356,1464,325015,島根県,鹿足郡津和野町,town,6225,59,2026-01-01,1693,1693
1357,1489,113638,埼玉県,秩父郡長瀞町,town,6223,53,2026-01-01,691,691
1358,1340,223026,静岡県,賀茂郡河津町,town,6209,98,2026-01-01,1230,1230
1359,1465,465291,鹿児島県,大島郡喜界町,town,6191,59,2026-01-01,2227,2227
1360,1477,303810,和歌山県,日高郡美浜町,town,6138,56,2026-01-01,1634,1634
1361,1539,014320,北海道,樺戸郡新十津川町,town,6137,38,2026-01-01,99,99
1362,1328,434248,熊本県,阿蘇郡小国町,town,6135,101,2026-01-01,2099,2099
1363,1203,124265,千葉県,長生郡長柄町,town,6090,154,2026-01-01,765,765
1364,1503,064033,山形県,西置賜郡飯豊町,town,6076,48,2026-01-01,418,418
1365,1428,173240,石川県,能美郡川北町,town,6071,69,2026-01-01,984,984
1366,1343,435317,熊本県,天草郡苓北町,town,6049,97,2026-01-01,2126,2126
1367,671,104264,群馬県,吾妻郡草津町,town,6025,710,2026-01-01,607,607
1368,1145,074641,福島県,西白河郡泉崎村,village,6024,184,2026-01-01,468,468
1369,1588,465321,鹿児島県,大島郡伊仙町,town,6002,27,2026-01-01,2230,2230
1370,1109,213624,岐阜県,不破郡関ケ原町,town,5991,207,2026-01-01,1175,1175
1371,1454,044440,宮城県,加美郡色麻町,town,5991,60,2026-01-01,339,339
1372,1300,464902,鹿児島県,肝属郡錦江町,town,5972,112,2026-01-01,2215,2215
1373,1334,313289,鳥取県,八頭郡智頭町,town,5930,99,2026-01-01,1659,1659
1374,1478,053490,秋田県,山本郡八峰町,town,5928,56,2026-01-01,369,369
1375,1441,075027,福島県,石川郡玉川村,village,5924,64,2026-01-01,478,478
1376,1632,014541,北海道,上川郡当麻町,town,5923,19,2026-01-01,107,107
1377,1003,383562,愛媛県,越智郡上島町,town,5921,292,2026-01-01,1872,1872
1378,1582,294012,奈良県,高市郡高取町,town,5904,28,2026-01-01,1594,1594
1379,1413,103829,群馬県,甘楽郡下仁田町,town,5897,73,2026-01-01,600,600
1380,1573,465275,鹿児島県,大島郡龍郷町,town,5895,31,2026-01-01,2226,2226
1381,1034,204072,長野県,下伊那郡阿智村,village,5889,256,2026-01-01,1103,1103
1382,1219,465330,鹿児島県,大島郡和泊町,town,5869,147,2026-01-01,2231,2231
1383,632,243035,三重県,桑名郡木曽岬町,town,5858,778,2026-01-01,1339,1339
1384,1390,016462,北海道,中川郡本別町,town,5856,81,2026-01-01,183,183
1385,1086,215023,岐阜県,加茂郡富加町,town,5853,221,2026-01-01,1188,1188
1386,1523,414239,佐賀県,杵島郡大町町,town,5819,42,2026-01-01,2036,2036
1387,1450,204153,長野県,下伊那郡喬木村,village,5787,62,2026-01-01,1110,1110
1388,1452,016471,北海道,足寄郡足寄町,town,5775,61,2026-01-01,184,184
1389,1544,016446,北海道,中川郡池田町,town,5773,37,2026-01-01,181,181
1390,893,194255,山梨県,南都留郡山中湖村,village,5770,393,2026-01-01,1048,1048
1391,1352,014842,北海道,苫前郡羽幌町,town,5766,92,2026-01-01,127,127
1392,1589,012092,北海道,夕張市,city,5766,27,2026-01-01,27,27
1393,1212,434281,熊本県,阿蘇郡高森町,town,5758,150,2026-01-01,2101,2101
1394,1455,063410,山形県,北村山郡大石田町,town,5754,60,2026-01-01,403,403
1395,1270,016420,北海道,広尾郡広尾町,town,5735,124,2026-01-01,179,179
1396,965,045811,宮城県,牡鹿郡女川町,town,5723,320,2026-01-01,345,345
1397,1508,075043,福島県,石川郡浅川町,town,5663,46,2026-01-01,480,480
1398,491,013951,北海道,虻田郡ニセコ町,town,5658,1197,2026-01-01,76,76
1399,1468,464911,鹿児島県,肝属郡南大隅町,town,5650,58,2026-01-01,2216,2216
1400,1492,394017,高知県,高岡郡中土佐町,town,5650,52,2026-01-01,1917,1917
1401,1026,123421,千葉県,香取郡神崎町,town,5618,267,2026-01-01,753,753
1402,1315,353213,山口県,玖珂郡和木町,town,5617,104,2026-01-01,1796,1796
1403,1442,063231,山形県,西村山郡朝日町,town,5617,64,2026-01-01,400,400
1404,1147,016322,北海道,河東郡士幌町,town,5611,183,2026-01-01,170,170
1405,1385,294411,奈良県,吉野郡吉野町,town,5603,83,2026-01-01,1602,1602
1406,1502,013315,北海道,松前郡松前町,town,5603,49,2026-01-01,56,56
1407,1408,313645,鳥取県,東伯郡三朝町,town,5600,75,2026-01-01,1662,1662
1408,1335,044245,宮城県,黒川郡大衡村,village,5527,99,2026-01-01,337,337
1409,1386,363871,徳島県,海部郡美波町,town,5525,83,2026-01-01,1824,1824
1410,1287,224294,静岡県,榛原郡川根本町,town,5511,118,2026-01-01,1242,1242
1411,1509,223051,静岡県,賀茂郡松崎町,town,5489,46,2026-01-01,1232,1232
1412,963,016357,北海道,上川郡新得町,town,5476,321,2026-01-01,173,173
1413,1092,325058,島根県,鹿足郡吉賀町,town,5437,215,2026-01-01,1694,1694
1414,1443,203505,長野県,小県郡長和町,town,5415,64,2026-01-01,1087,1087
1415,1590,024244,青森県,下北郡東通村,village,5415,27,2026-01-01,243,243
1416,1532,465313,鹿児島県,大島郡天城町,town,5397,40,2026-01-01,2229,2229
1417,1395,336238,岡山県,勝田郡奈義町,town,5373,79,2026-01-01,1734,1734
1418,1379,014010,北海道,岩内郡共和町,town,5324,85,2026-01-01,82,82
1419,1421,465348,鹿児島県,大島郡知名町,town,5264,71,2026-01-01,2232,2232
1420,1251,075035,福島県,石川郡平田村,village,5241,131,2026-01-01,479,479
1421,1562,074055,福島県,耶麻郡西会津町,town,5238,34,2026-01-01,454,454
1422,1336,343684,広島県,山県郡安芸太田町,town,5223,99,2026-01-01,1771,1771
1423,1010,016632,北海道,厚岸郡浜中町,town,5172,282,2026-01-01,189,189
1424,1103,016411,北海道,広尾郡大樹町,town,5169,210,2026-01-01,178,178
1425,1540,033022,岩手県,岩手郡葛巻町,town,5115,38,2026-01-01,270,270
1426,1575,075469,福島県,双葉郡双葉町,town,5090,30,2026-01-01,491,491
1427,1323,073440,福島県,岩瀬郡天栄村,village,5087,102,2026-01-01,446,446
1428,1430,433641,熊本県,玉名郡玉東町,town,5086,68,2026-01-01,2090,2090
1429,1616,465020,鹿児島県,熊毛郡南種子町,town,5081,21,2026-01-01,2220,2220
1430,1662,053635,秋田県,南秋田郡八郎潟町,town,5054,14,2026-01-01,372,372
1431,1595,394114,高知県,高岡郡津野町,town,5044,26,2026-01-01,1922,1922
1432,1177,104248,群馬県,吾妻郡長野原町,town,5018,167,2026-01-01,605,605
1433,1485,074829,福島県,東白川郡矢祭町,town,5009,54,2026-01-01,473,473
1434,1583,294021,奈良県,高市郡明日香村,village,5000,28,2026-01-01,1595,1595
1435,1374,035068,岩手県,九戸郡九戸村,village,4956,86,2026-01-01,293,293
1436,949,016047,北海道,新冠郡新冠町,town,4948,333,2026-01-01,164,164
1437,1511,406082,福岡県,田川郡大任町,town,4948,45,2026-01-01,2004,2004
1438,1579,465356,鹿児島県,大島郡与論町,town,4943,29,2026-01-01,2233,2233
1439,1479,303836,和歌山県,日高郡由良町,town,4861,56,2026-01-01,1636,1636
1440,1301,016349,北海道,河東郡鹿追町,town,4828,112,2026-01-01,172,172
1441,1439,023078,青森県,東津軽郡外ヶ浜町,town,4803,65,2026-01-01,219,219
1442,759,234273,愛知県,海部郡飛島村,village,4726,556,2026-01-01,1310,1310
1443,1637,413879,佐賀県,東松浦郡玄海町,town,4703,18,2026-01-01,2032,2032
1444,1237,016934,北海道,標津郡標津町,town,4688,138,2026-01-01,196,196
1445,1375,074659,福島県,西白河郡中島村,village,4685,86,2026-01-01,469,469
1446,1041,016331,北海道,河東郡上士幌町,town,4677,250,2026-01-01,171,171
1447,1596,394033,高知県,高岡郡越知町,town,4652,26,2026-01-01,1919,1919
1448,1667,454044,宮崎県,児湯郡木城町,town,4630,13,2026-01-01,2170,2170
1449,1580,073628,福島県,南会津郡下郷町,town,4621,29,2026-01-01,448,448
1450,1552,394106,高知県,高岡郡日高村,village,4607,36,2026-01-01,1921,1921
1451,1566,014249,北海道,空知郡奈井江町,town,4604,33,2026-01-01,92,92
1452,1591,024431,青森県,三戸郡田子町,town,4592,27,2026-01-01,249,249
1453,985,013471,北海道,山越郡長万部町,town,4588,304,2026-01-01,64,64
1454,1362,363421,徳島県,名西郡神山町,town,4586,89,2026-01-01,1819,1819
1455,930,015521,北海道,常呂郡佐呂間町,town,4577,347,2026-01-01,147,147
1456,1486,063614,山形県,最上郡金山町,town,4565,54,2026-01-01,405,405
1457,1644,024236,青森県,下北郡大間町,town,4564,17,2026-01-01,242,242
1458,1567,155811,新潟県,岩船郡関川村,village,4551,33,2026-01-01,951,951
1459,1252,034410,岩手県,気仙郡住田町,town,4547,131,2026-01-01,282,282
1460,1365,203866,長野県,上伊那郡中川村,village,4546,88,2026-01-01,1097,1097
1461,1545,273830,大阪府,南河内郡千早赤阪村,village,4546,37,2026-01-01,1506,1506
1462,1546,063631,山形県,最上郡舟形町,town,4525,37,2026-01-01,407,407
1463,1432,075418,福島県,双葉郡広野町,town,4493,67,2026-01-01,486,486
1464,1533,033669,岩手県,和賀郡西和賀町,town,4486,40,2026-01-01,276,276
1465,1456,014273,北海道,夕張郡由仁町,town,4457,60,2026-01-01,94,94
1466,1541,363014,徳島県,勝浦郡勝浦町,town,4454,38,2026-01-01,1813,1813
1467,1059,013943,北海道,磯谷郡蘭越町,town,4429,237,2026-01-01,75,75
1468,1610,454311,宮崎県,東臼杵郡美郷町,town,4398,22,2026-01-01,2177,2177
1469,1274,075051,福島県,石川郡古殿町,town,4394,122,2026-01-01,481,481
1470,1425,473014,沖縄県,国頭郡国頭村,village,4385,70,2026-01-01,2247,2247
1471,1422,063223,山形県,西村山郡西川町,town,4378,71,2026-01-01,399,399
1472,1345,014613,北海道,空知郡中富良野町,town,4376,96,2026-01-01,114,114
1473,1354,015491,北海道,常呂郡訓子府町,town,4374,91,2026-01-01,145,145
1474,1366,133086,東京都,西多摩郡奥多摩町,town,4369,88,2026-01-01,826,826
1475,1256,016021,北海道,沙流郡平取町,town,4361,129,2026-01-01,163,163
1476,1444,075647,福島県,相馬郡飯舘村,village,4345,64,2026-01-01,496,496
1477,1655,013706,北海道,瀬棚郡今金町,town,4331,15,2026-01-01,70,70
1478,1497,393878,高知県,吾川郡仁淀川町,town,4304,50,2026-01-01,1915,1915
1479,1447,053031,秋田県,鹿角郡小坂町,town,4297,63,2026-01-01,363,363
1480,1576,015474,北海道,斜里郡小清水町,town,4255,30,2026-01-01,144,144
1481,1604,294438,奈良県,吉野郡下市町,town,4250,23,2026-01-01,1604,1604
1482,1457,323861,島根県,飯石郡飯南町,town,4247,60,2026-01-01,1687,1687
1483,1169,473812,沖縄県,八重山郡竹富町,town,4242,171,2026-01-01,2279,2279
1484,1445,394246,高知県,幡多郡大月町,town,4238,64,2026-01-01,1925,1925
1485,1257,155047,新潟県,刈羽郡刈羽村,village,4220,129,2026-01-01,949,949
1486,1414,015814,北海道,勇払郡厚真町,town,4218,73,2026-01-01,158,158
1487,1453,336637,岡山県,久米郡久米南町,town,4214,61,2026-01-01,1738,1738
1488,1493,204510,長野県,東筑摩郡朝日村,village,4207,52,2026-01-01,1124,1124
1489,1487,473154,沖縄県,国頭郡伊江村,village,4201,54,2026-01-01,2255,2255
1490,1480,205621,長野県,下高井郡木島平村,village,4167,56,2026-01-01,1138,1138
1491,1281,016942,北海道,目梨郡羅臼町,town,4157,120,2026-01-01,197,197
1492,1294,203033,長野県,南佐久郡小海町,town,4131,115,2026-01-01,1075,1075
1493,1728,053660,秋田県,南秋田郡井川町,town,4061,2,2026-01-01,373,373
1494,1458,203491,長野県,小県郡青木村,village,4015,60,2026-01-01,1086,1086
1495,1622,434841,熊本県,葦北郡津奈木町,town,4001,20,2026-01-01,2114,2114
1496,1329,016497,北海道,十勝郡浦幌町,town,3999,101,2026-01-01,186,186
1497,1506,013625,北海道,檜山郡上ノ国町,town,3993,47,2026-01-01,66,66
1498,1382,235610,愛知県,北設楽郡設楽町,town,3991,84,2026-01-01,1320,1320
1499,1553,324485,島根県,邑智郡美郷町,town,3950,36,2026-01-01,1690,1690
1500,1266,024066,青森県,上北郡横浜町,town,3937,125,2026-01-01,237,237
1501,1431,016098,北海道,幌泉郡えりも町,town,3934,68,2026-01-01,167,167
1502,1032,015636,北海道,紋別郡雄武町,town,3917,260,2026-01-01,153,153
1503,1534,435104,熊本県,球磨郡相良村,village,3900,40,2026-01-01,2120,2120
1504,1597,015440,北海道,網走郡津別町,town,3881,26,2026-01-01,141,141
1505,1512,204528,長野県,東筑摩郡筑北村,village,3879,45,2026-01-01,1125,1125
1506,1423,204048,長野県,下伊那郡阿南町,town,3864,71,2026-01-01,1102,1102
1507,1344,016381,北海道,河西郡中札内村,village,3822,97,2026-01-01,176,176
1508,1316,204226,長野県,木曽郡上松町,town,3813,104,2026-01-01,1114,1114
1509,1495,194239,山梨県,南都留郡西桂町,town,3809,51,2026-01-01,1046,1046
1510,1663,035033,岩手県,九戸郡野田村,village,3807,14,2026-01-01,292,292
1511,1307,104434,群馬県,利根郡片品村,village,3787,109,2026-01-01,611,611
1512,1623,154059,新潟県,三島郡出雲崎町,town,3766,20,2026-01-01,943,943
1513,1459,063673,山形県,最上郡戸沢村,village,3749,60,2026-01-01,411,411
1514,1076,434230,熊本県,阿蘇郡南小国町,town,3743,227,2026-01-01,2098,2098
1515,1592,314013,鳥取県,日野郡日南町,town,3731,27,2026-01-01,1672,1672
1516,1433,013331,北海道,上磯郡知内町,town,3700,66,2026-01-01,58,58
1517,1460,016080,北海道,様似郡様似町,town,3680,60,2026-01-01,166,166
1518,1707,303437,和歌山県,伊都郡九度山町,town,3628,7,2026-01-01,1627,1627
1519,773,205630,長野県,下高井郡野沢温泉村,village,3603,541,2026-01-01,1139,1139
1520,1563,313840,鳥取県,西伯郡日吉津村,village,3585,34,2026-01-01,1667,1667
1521,1513,204234,長野県,木曽郡南木曽町,town,3584,45,2026-01-01,1115,1115
1522,1405,073679,福島県,南会津郡只見町,town,3572,77,2026-01-01,450,450
1523,1498,014699,北海道,中川郡美深町,town,3567,50,2026-01-01,120,120
1524,1624,015466,北海道,斜里郡清里町,town,3567,20,2026-01-01,143,143
1525,1593,063665,山形県,最上郡鮭川村,village,3564,27,2026-01-01,410,410
1526,1193,393070,高知県,安芸郡芸西村,village,3562,156,2026-01-01,1906,1906
1527,1066,203041,長野県,南佐久郡川上村,village,3547,234,2026-01-01,1076,1076
1528,1258,014818,北海道,増毛郡増毛町,town,3522,129,2026-01-01,124,124
1529,1129,013439,北海道,茅部郡鹿部町,town,3467,195,2026-01-01,61,61
1530,1451,015164,北海道,天塩郡豊富町,town,3437,62,2026-01-01,135,135
1531,1207,015717,北海道,虻田郡豊浦町,town,3430,151,2026-01-01,155,155
1532,1151,015610,北海道,紋別郡興部町,town,3422,180,2026-01-01,151,151
1533,1507,393631,高知県,土佐郡土佐町,town,3417,47,2026-01-01,1911,1911
1534,1605,013340,北海道,上磯郡木古内町,town,3404,23,2026-01-01,59,59
1535,1520,384844,愛媛県,北宇和郡松野町,town,3396,43,2026-01-01,1883,1883
1536,1524,304069,和歌山県,西牟婁郡すさみ町,town,3374,42,2026-01-01,1643,1643
1537,1633,435066,熊本県,球磨郡湯前町,town,3356,19,2026-01-01,2118,2118
1538,1448,163210,富山県,中新川郡舟橋村,village,3329,63,2026-01-01,965,965
1539,1554,204111,長野県,下伊那郡下條村,village,3321,36,2026-01-01,1106,1106
1540,1702,454427,宮崎県,西臼杵郡日之影町,town,3321,8,2026-01-01,2180,2180
1541,1577,014559,北海道,上川郡比布町,town,3312,30,2026-01-01,108,108
1542,1528,363839,徳島県,海部郡牟岐町,town,3299,41,2026-01-01,1823,1823
1543,1574,013323,北海道,松前郡福島町,town,3278,31,2026-01-01,57,57
1544,1547,263656,京都府,相楽郡和束町,town,3272,37,2026-01-01,1419,1419
1545,1259,104281,群馬県,吾妻郡高山村,village,3234,128,2026-01-01,608,608
1546,1504,013633,北海道,檜山郡厚沢部町,town,3197,48,2026-01-01,67,67
1547,1648,454435,宮崎県,西臼杵郡五ヶ瀬町,town,3187,16,2026-01-01,2181,2181
1548,1197,015121,北海道,枝幸郡浜頓別町,town,3162,155,2026-01-01,132,132
1549,1401,204307,長野県,木曽郡大桑村,village,3147,78,2026-01-01,1118,1118
1550,1568,074071,福島県,耶麻郡磐梯町,town,3107,33,2026-01-01,455,455
1551,1703,435121,熊本県,球磨郡山江村,village,3092,8,2026-01-01,2122,2122
1552,1525,215040,岐阜県,加茂郡七宗町,town,3066,42,2026-01-01,1190,1190
1553,1466,194298,山梨県,南都留郡鳴沢村,village,3059,59,2026-01-01,1049,1049
1554,1535,393410,高知県,長岡郡本山町,town,3052,40,2026-01-01,1908,1908
1555,1600,016390,北海道,河西郡更別村,village,3052,25,2026-01-01,177,177
1556,1555,013641,北海道,爾志郡乙部町,town,3019,36,2026-01-01,68,68
1557,1634,394050,高知県,高岡郡檮原町,town,3016,19,2026-01-01,1920,1920
1558,1346,014079,北海道,余市郡仁木町,town,3014,96,2026-01-01,88,88
1559,1267,014575,北海道,上川郡上川町,town,3013,125,2026-01-01,110,110
1560,1007,203050,長野県,南佐久郡南牧村,village,2965,286,2026-01-01,1077,1077
1561,1548,293229,奈良県,山辺郡山添村,village,2965,37,2026-01-01,1580,1580
1562,1690,074225,福島県,河沼郡湯川村,village,2936,10,2026-01-01,459,459
1563,1514,324418,島根県,邑智郡川本町,town,2927,45,2026-01-01,1689,1689
1564,1683,053686,秋田県,南秋田郡大潟村,village,2916,11,2026-01-01,374,374
1565,1638,104442,群馬県,利根郡川場村,village,2914,18,2026-01-01,612,612
1566,1556,473022,沖縄県,国頭郡大宜味村,village,2905,36,2026-01-01,2248,2248
1567,1347,373648,香川県,香川郡直島町,town,2869,96,2026-01-01,1851,1851
1568,1461,393444,高知県,長岡郡大豊町,town,2867,60,2026-01-01,1909,1909
1569,1584,355020,山口県,阿武郡阿武町,town,2861,28,2026-01-01,1802,1802
1570,1564,034843,岩手県,下閉伊郡田野畑村,village,2800,34,2026-01-01,288,288
1571,1565,304221,和歌山県,東牟婁郡太地町,town,2800,34,2026-01-01,1646,1646
1572,1407,016454,北海道,中川郡豊頃町,town,2782,76,2026-01-01,182,182
1573,894,204862,長野県,北安曇郡小谷村,village,2779,393,2026-01-01,1130,1130
1574,1557,393029,高知県,安芸郡奈半利町,town,2774,36,2026-01-01,1901,1901
1575,1684,074233,福島県,河沼郡柳津町,town,2768,11,2026-01-01,460,460
1576,1549,014681,北海道,上川郡下川町,town,2764,37,2026-01-01,119,119
1577,1727,406091,福岡県,田川郡赤村,village,2754,3,2026-01-01,2005,2005
1578,1198,013994,北海道,虻田郡京極町,town,2752,155,2026-01-01,80,80
1579,1617,074845,福島県,東白川郡鮫川村,village,2747,21,2026-01-01,475,475
1580,1668,014648,北海道,上川郡和寒町,town,2747,13,2026-01-01,117,117
1581,1649,014389,北海道,雨竜郡沼田町,town,2717,16,2026-01-01,104,104
1582,1606,014656,北海道,上川郡剣淵町,town,2695,23,2026-01-01,118,118
1583,1650,063657,山形県,最上郡大蔵村,village,2694,16,2026-01-01,409,409
1584,1594,294497,奈良県,吉野郡十津川村,village,2688,27,2026-01-01,1608,1608
1585,1611,013048,北海道,石狩郡新篠津村,village,2686,22,2026-01-01,55,55
1586,1645,053465,秋田県,山本郡藤里町,town,2669,17,2026-01-01,367,367
1587,1317,144029,神奈川県,愛甲郡清川村,village,2653,104,2026-01-01,904,904
1588,1355,014834,北海道,苫前郡苫前町,town,2630,91,2026-01-01,126,126
1589,1691,014303,北海道,樺戸郡月形町,town,2624,10,2026-01-01,97,97
1590,1560,235628,愛知県,北設楽郡東栄町,town,2610,35,2026-01-01,1321,1321
1591,1309,303445,和歌山県,伊都郡高野町,town,2578,108,2026-01-01,1628,1628
1592,1585,313254,鳥取県,八頭郡若桜町,town,2575,28,2026-01-01,1658,1658
1593,1321,014826,北海道,留萌郡小平町,town,2565,103,2026-01-01,125,125
1594,1126,015113,北海道,宗谷郡猿払村,village,2559,197,2026-01-01,131,131
1595,1718,435139,熊本県,球磨郡球磨村,village,2557,5,2026-01-01,2123,2123
1596,1646,314021,鳥取県,日野郡日野町,town,2550,17,2026-01-01,1673,1673
1597,1376,014877,北海道,天塩郡天塩町,town,2543,86,2026-01-01,130,130
1598,1396,013927,北海道,寿都郡寿都町,town,2534,79,2026-01-01,73,73
1599,1510,014338,北海道,雨竜郡妹背牛町,town,2517,46,2026-01-01,100,100
1600,1472,014061,北海道,古平郡古平町,town,2510,57,2026-01-01,87,87
1601,1612,012271,北海道,歌志内市,city,2473,22,2026-01-01,45,45
1602,1601,204251,長野県,木曽郡木祖村,village,2469,25,2026-01-01,1116,1116
1603,1515,134210,東京都,小笠原村,village,2461,45,2026-01-01,836,836
1604,1598,015504,北海道,常呂郡置戸町,town,2461,26,2026-01-01,146,146
1605,1570,325261,島根県,隠岐郡西ノ島町,town,2439,32,2026-01-01,1697,1697
1606,1607,314030,鳥取県,日野郡江府町,town,2432,23,2026-01-01,1674,1674
1607,1473,016675,北海道,阿寒郡鶴居村,village,2368,57,2026-01-01,192,192
1608,1712,023043,青森県,東津軽郡蓬田村,village,2360,6,2026-01-01,218,218
1609,1426,074021,福島県,耶麻郡北塩原村,village,2342,70,2026-01-01,453,453
1610,1639,204463,長野県,東筑摩郡麻績村,village,2342,18,2026-01-01,1121,1121
1611,1625,133639,東京都,新島村,village,2336,20,2026-01-01,830,830
1612,1537,013935,北海道,寿都郡黒松内町,town,2335,39,2026-01-01,74,74
1613,1669,454303,宮崎県,東臼杵郡椎葉村,village,2334,13,2026-01-01,2176,2176
1614,1481,014567,北海道,上川郡愛別町,town,2332,56,2026-01-01,109,109
1615,1677,113697,埼玉県,秩父郡東秩父村,village,2324,12,2026-01-01,693,693
1616,1526,263672,京都府,相楽郡南山城村,village,2323,42,2026-01-01,1421,1421
1617,1670,393037,高知県,安芸郡田野町,town,2316,13,2026-01-01,1902,1902
1618,1618,325252,島根県,隠岐郡海士町,town,2253,21,2026-01-01,1696,1696
1619,1538,014257,北海道,空知郡上砂川町,town,2252,39,2026-01-01,93,93
1620,1635,034851,岩手県,下閉伊郡普代村,village,2244,19,2026-01-01,289,289
1621,1387,015750,北海道,有珠郡壮瞥町,town,2223,83,2026-01-01,156,156
1622,1561,304247,和歌山県,東牟婁郡古座川町,town,2223,35,2026-01-01,1647,1647
1623,1318,054640,秋田県,雄勝郡東成瀬村,village,2211,104,2026-01-01,379,379
1624,1640,393045,高知県,安芸郡安田町,town,2186,18,2026-01-01,1903,1903
1625,1330,014869,北海道,天塩郡遠別町,town,2182,101,2026-01-01,129,129
1626,1571,075442,福島県,双葉郡川内村,village,2179,32,2026-01-01,489,489
1627,1636,205885,長野県,上水内郡小川村,village,2177,19,2026-01-01,1142,1142
1628,1499,015601,北海道,紋別郡滝上町,town,2164,50,2026-01-01,150,150
1629,1415,014621,北海道,空知郡南富良野町,town,2160,73,2026-01-01,115,115
1630,1558,015172,北海道,礼文郡礼文町,town,2142,36,2026-01-01,136,136
1631,1517,133817,東京都,三宅村,village,2133,44,2026-01-01,832,832
1632,1719,014346,北海道,雨竜郡秩父別町,town,2122,5,2026-01-01,101,101
1633,1647,183822,福井県,今立郡池田町,town,2112,17,2026-01-01,1009,1009
1634,1713,353418,山口県,熊毛郡上関町,town,2101,6,2026-01-01,1798,1798
1635,1671,013676,北海道,奥尻郡奥尻町,town,2081,13,2026-01-01,69,69
1636,1656,363219,徳島県,名東郡佐那河内村,village,2075,15,2026-01-01,1816,1816
1637,1704,015199,北海道,利尻郡利尻富士町,town,2072,8,2026-01-01,138,138
1638,1608,423831,長崎県,北松浦郡小値賀町,town,2063,23,2026-01-01,2063,2063
1639,836,013978,北海道,虻田郡留寿都村,village,2062,451,2026-01-01,78,78
1640,1363,016489,北海道,足寄郡陸別町,town,2044,89,2026-01-01,185,185
1641,1434,015202,北海道,天塩郡幌延町,town,2011,66,2026-01-01,139,139
1642,1720,023035,青森県,東津軽郡今別町,town,1996,5,2026-01-01,217,217
1643,1626,014362,北海道,雨竜郡雨竜町,town,1987,20,2026-01-01,102,102
1644,1641,215074,岐阜県,加茂郡東白川村,village,1970,18,2026-01-01,1193,1193
1645,1657,393011,高知県,安芸郡東洋町,town,1968,15,2026-01-01,1900,1900
1646,1708,024503,青森県,三戸郡新郷村,village,1965,7,2026-01-01,252,252
1647,1279,013960,北海道,虻田郡真狩村,village,1932,121,2026-01-01,77,77
1648,1232,013986,北海道,虻田郡喜茂別町,town,1928,143,2026-01-01,79,79
1649,1658,133078,東京都,西多摩郡檜原村,village,1902,15,2026-01-01,825,825
1650,1627,435074,熊本県,球磨郡水上村,village,1899,20,2026-01-01,2119,2119
1651,1651,264636,京都府,与謝郡伊根町,town,1824,16,2026-01-01,1425,1425
1652,1714,015181,北海道,利尻郡利尻町,town,1798,6,2026-01-01,137,137
1653,1628,053279,秋田県,北秋田郡上小阿仁村,village,1789,20,2026-01-01,365,365
1654,1613,404489,福岡県,朝倉郡東峰村,village,1721,22,2026-01-01,1992,1992
1655,1672,133647,東京都,神津島村,village,1710,13,2026-01-01,831,831
1656,1678,074454,福島県,大沼郡金山町,town,1702,12,2026-01-01,463,463
1657,1521,473821,沖縄県,八重山郡与那国町,town,1694,43,2026-01-01,2280,2280
1658,1614,473031,沖縄県,国頭郡東村,village,1681,22,2026-01-01,2249,2249
1659,1722,443221,大分県,東国東郡姫島村,village,1663,4,2026-01-01,2143,2143
1660,1696,014052,北海道,積丹郡積丹町,town,1617,9,2026-01-01,86,86
1661,1619,204480,長野県,東筑摩郡生坂村,village,1586,21,2026-01-01,1122,1122
1662,1578,465241,鹿児島県,大島郡宇検村,village,1582,30,2026-01-01,2224,2224
1663,1729,024261,青森県,下北郡佐井村,village,1572,2,2026-01-01,245,245
1664,1685,014371,北海道,雨竜郡北竜町,town,1551,11,2026-01-01,103,103
1665,1697,014311,北海道,樺戸郡浦臼町,town,1540,9,2026-01-01,98,98
1666,774,014630,北海道,勇払郡占冠村,village,1523,541,2026-01-01,116,116
1667,1599,206024,長野県,下水内郡栄村,village,1501,26,2026-01-01,1145,1145
1668,1730,024252,青森県,下北郡風間浦村,village,1491,2,2026-01-01,244,244
1669,1629,194221,山梨県,南都留郡道志村,village,1488,20,2026-01-01,1045,1045
1670,771,014095,北海道,余市郡赤井川村,village,1475,542,2026-01-01,90,90
1671,1652,103675,群馬県,多野郡神流町,town,1456,16,2026-01-01,598,598
1672,1518,216046,岐阜県,大野郡白川村,village,1455,44,2026-01-01,1197,1197
1673,1559,294535,奈良県,吉野郡東吉野村,village,1431,36,2026-01-01,1612,1612
1674,1705,015130,北海道,枝幸郡中頓別町,town,1421,8,2026-01-01,133,133
1675,1620,204145,長野県,下伊那郡泰阜村,village,1410,21,2026-01-01,1109,1109
1676,1698,014036,北海道,古宇郡泊村,village,1379,9,2026-01-01,84,84
1677,1699,103837,群馬県,甘楽郡南牧村,village,1365,9,2026-01-01,601,601
1678,1715,465232,鹿児島県,大島郡大和村,village,1353,6,2026-01-01,2223,2223
1679,1731,454290,宮崎県,東臼杵郡諸塚村,village,1353,2,2026-01-01,2175,2175
1680,1642,394271,高知県,幡多郡三原村,village,1325,18,2026-01-01,1926,1926
1681,1474,434256,熊本県,阿蘇郡産山村,village,1310,57,2026-01-01,2100,2100
1682,1692,293865,奈良県,宇陀郡御杖村,village,1297,10,2026-01-01,1592,1592
1683,1693,336432,岡山県,英田郡西粟倉村,village,1296,10,2026-01-01,1736,1736
1684,1664,363022,徳島県,勝浦郡上勝町,town,1289,14,2026-01-01,1814,1814
1685,1723,074446,福島県,大沼郡三島町,town,1284,4,2026-01-01,462,462
1686,1673,014711,北海道,中川郡中川町,town,1259,13,2026-01-01,122,122
1687,1488,473600,沖縄県,島尻郡伊是名村,village,1243,54,2026-01-01,2273,2273
1688,1706,013919,北海道,島牧郡島牧村,village,1234,8,2026-01-01,72,72
1689,1643,293857,奈良県,宇陀郡曽爾村,village,1229,18,2026-01-01,1591,1591
1690,1602,075485,福島県,双葉郡葛尾村,village,1217,25,2026-01-01,493,493
1691,1462,473596,沖縄県,島尻郡伊平屋村,village,1205,60,2026-01-01,2272,2272
1692,1411,473570,沖縄県,島尻郡南大東村,village,1198,74,2026-01-01,2270,2270
1693,1659,014729,北海道,雨竜郡幌加内町,town,1198,15,2026-01-01,123,123
1694,1674,294462,奈良県,吉野郡天川村,village,1175,13,2026-01-01,1606,1606
1695,1740,023434,青森県,中津軽郡西目屋村,village,1166,0,2026-01-01,224,224
1696,1609,294527,奈良県,吉野郡川上村,village,1165,23,2026-01-01,1611,1611
1697,1536,043028,宮城県,刈田郡七ヶ宿町,town,1162,40,2026-01-01,319,319
1698,1621,393053,高知県,安芸郡北川村,village,1161,21,2026-01-01,1904,1904
1699,1721,074462,福島県,大沼郡昭和村,village,1040,5,2026-01-01,464,464
1700,1724,263648,京都府,相楽郡笠置町,town,1033,4,2026-01-01,1418,1418
1701,1630,473758,沖縄県,宮古郡多良間村,village,1027,20,2026-01-01,2277,2277
1702,1700,454036,宮崎県,児湯郡西米良村,village,991,9,2026-01-01,2169,2169
1703,1581,103667,群馬県,多野郡上野村,village,983,29,2026-01-01,597,597
1704,1686,204137,長野県,下伊那郡天龍村,village,970,11,2026-01-01,1108,1108
1705,1665,014851,北海道,苫前郡初山別村,village,959,14,2026-01-01,128,128
1706,1505,015628,北海道,紋別郡西興部村,village,936,48,2026-01-01,152,152
1707,1687,203068,長野県,南佐久郡南相木村,village,898,11,2026-01-01,1078,1078
1708,1716,435112,熊本県,球磨郡五木村,village,893,6,2026-01-01,2121,2121
1709,1653,235636,愛知県,北設楽郡豊根村,village,886,16,2026-01-01,1322,1322
1710,1660,473545,沖縄県,島尻郡座間味村,village,859,15,2026-01-01,2267,2267
1711,1666,204170,長野県,下伊那郡大鹿村,village,854,14,2026-01-01,1112,1112
1712,1675,193640,山梨県,南巨摩郡早川町,town,798,13,2026-01-01,1038,1038
1713,1615,204102,長野県,下伊那郡根羽村,village,789,22,2026-01-01,1105,1105
1714,1694,294501,奈良県,吉野郡下北山村,village,782,10,2026-01-01,1609,1609
1715,1654,335860,岡山県,真庭郡新庄村,village,755,16,2026-01-01,1729,1729
1716,1679,393061,高知県,安芸郡馬路村,village,742,12,2026-01-01,1905,1905
1717,1737,014044,北海道,古宇郡神恵内村,village,718,1,2026-01-01,85,85
1718,1527,473553,沖縄県,島尻郡粟国村,village,671,42,2026-01-01,2268,2268
1719,1661,463043,鹿児島県,鹿児島郡十島村,village,651,15,2026-01-01,2204,2204
1720,1631,473537,沖縄県,島尻郡渡嘉敷村,village,646,20,2026-01-01,2266,2266
1721,1680,204293,長野県,木曽郡王滝村,village,628,12,2026-01-01,1117,1117
1722,1603,203076,長野県,南佐久郡北相木村,village,624,25,2026-01-01,1079,1079
1723,1676,194425,山梨県,北都留郡小菅村,village,613,13,2026-01-01,1052,1052
1724,1738,014702,北海道,中川郡音威子府村,village,588,1,2026-01-01,121,121
1725,1701,294446,奈良県,吉野郡黒滝村,village,576,9,2026-01-01,1605,1605
1726,1717,325279,島根県,隠岐郡知夫村,village,571,6,2026-01-01,1698,1698
1727,1522,473588,沖縄県,島尻郡北大東村,village,558,43,2026-01-01,2271,2271
1728,1725,194433,山梨県,北都留郡丹波山村,village,492,4,2026-01-01,1053,1053
1729,1739,073644,福島県,南会津郡檜枝岐村,village,483,1,2026-01-01,449,449
1730,1709,204129,長野県,下伊那郡売木村,village,462,7,2026-01-01,1107,1107
1731,1732,294519,奈良県,吉野郡上北山村,village,414,2,2026-01-01,1610,1610
1732,1733,304271,和歌山県,東牟婁郡北山村,village,380,2,2026-01-01,1648,1648
1733,1734,204099,長野県,下伊那郡平谷村,village,364,2,2026-01-01,1104,1104
1734,1710,463035,鹿児島県,鹿児島郡三島村,village,356,7,2026-01-01,2203,2203
1735,1695,393649,高知県,土佐郡大川村,village,345,10,2026-01-01,1912,1912
1736,1681,294471,奈良県,吉野郡野迫川村,village,312,12,2026-01-01,1607,1607
1737,1735,155861,新潟県,岩船郡粟島浦村,village,307,2,2026-01-01,952,952
1738,1688,133621,東京都,利島村,village,303,11,2026-01-01,829,829
1739,1726,133825,東京都,御蔵島村,village,288,4,2026-01-01,833,833
1740,1736,473561,沖縄県,島尻郡渡名喜村,village,277,2,2026-01-01,2269,2269
1741,1741,134023,東京都,青ヶ島村,village,155,0,2026-01-01,835,835
1742,1742,016951,北海道,色丹郡色丹村,village,0,0,2026-01-01,198,198
1743,1743,016969,北海道,国後郡泊村,village,0,0,2026-01-01,199,199
1744,1744,016977,北海道,国後郡留夜別村,village,0,0,2026-01-01,200,200
1745,1745,016985,北海道,択捉郡留別村,village,0,0,2026-01-01,201,201
1746,1746,016993,北海道,紗那郡紗那村,village,0,0,2026-01-01,202,202
1747,1747,017001,北海道,蘂取郡蘂取村,village,0,0,2026-01-01,203,203
